Address,City,Property Type,Building Sq Ft,Estimated Units,Owner Name,Owner State,Tax Status,Zones,Distress Score,Google Maps Link
2900 NE 2 AVE,Miami,MULTIFAMILY 10 UNITS PLUS,1939983,3879,PPF AMLI NE 2ND AVENUE LLC,IL,"Delinquent ($18,500)",OZ: 27.02,4/6,"https://www.google.com/maps/search/?api=1&query=25.805062,-80.191562"
710 NE 1 AVE,Miami,MIXED USE-STORE/RESIDENTIAL,907687,1815,MWT 1 LLC,NY,"Delinquent ($8,000)",CRA: SE  Overtown/Park West,4/6,"https://www.google.com/maps/search/?api=1&query=25.781759,-80.192456"
3101 NE 1 AVE,Miami,MULTIFAMILY 10 UNITS PLUS,869370,1738,MIAMI MIDTOWN VI OWNER LLC,IL,"Delinquent ($8,000)",CRA: Midtown Miami,4/6,"https://www.google.com/maps/search/?api=1&query=25.806319,-80.192309"
19501 BISCAYNE BLVD,Miami Gardens,DEPARTMENT STORE,864130,1728,AVENTURA MALL VENTURE,OH,"Delinquent ($19,550)",OZ: 1.34,4/6,"https://www.google.com/maps/search/?api=1&query=25.954565,-80.140522"
698 NE 1 AVE,Miami,MULTIFAMILY 10 UNITS PLUS,845870,1691,"BLOCK G PHASE 1, LLC",CA,"Delinquent ($8,000)",CRA: SE  Overtown/Park West,4/6,"https://www.google.com/maps/search/?api=1&query=25.780769,-80.192924"
6600 SW 57 AVE,Cutler Bay,MULTIFAMILY 10 UNITS PLUS,759863,1519,SCG ATLAS RED ROAD COMMONS LLC,CA,"Delinquent ($18,500)",OZ: 76.03,4/6,"https://www.google.com/maps/search/?api=1&query=25.709293,-80.286264"
1756 N BAYSHORE DR,Miami,MULTIFAMILY 10 UNITS PLUS,737810,1475,BAY PARC PLAZA APT LP,TX,"Delinquent ($18,500)",CRA: Omni,4/6,"https://www.google.com/maps/search/?api=1&query=25.792879,-80.187262"
125 NE 32 ST,Miami,MULTIFAMILY 10 UNITS PLUS,701056,1402,SE MIDTOWN 5 LLC,NY,"Delinquent ($18,500)",CRA: Midtown Miami,4/6,"https://www.google.com/maps/search/?api=1&query=25.806792,-80.192193"
2000 BISCAYNE BLVD,Miami,MULTIFAMILY 10 UNITS PLUS,695868,1391,2000 BISCAYNE FEE OWNER LLC,NY,"Delinquent ($8,000)",CRA: Omni + OZ: 27.02,4/6,"https://www.google.com/maps/search/?api=1&query=25.795545,-80.189565"
400 NW 1 AVE,Miami,MIXED USE-STORE/RESIDENTIAL,655148,1310,DT RESIDENTIAL SOUTH LLC,VA,"Delinquent ($8,000)",CRA: SE  Overtown/Park West,4/6,"https://www.google.com/maps/search/?api=1&query=25.777851,-80.195738"
400 NW 1 AVE,Miami,MIXED USE-STORE/RESIDENTIAL,655148,1310,DT RESIDENTIAL SOUTH LLC,VA,"Delinquent ($8,000)",CRA: SE  Overtown/Park West,4/6,"https://www.google.com/maps/search/?api=1&query=25.778111,-80.19603"
400 NW 1 AVE,Miami,MIXED USE-STORE/RESIDENTIAL,655148,1310,DT RESIDENTIAL SOUTH LLC,VA,"Delinquent ($8,000)",CRA: SE  Overtown/Park West,4/6,"https://www.google.com/maps/search/?api=1&query=25.778283,-80.195766"
400 NW 1 AVE,Miami,MIXED USE-STORE/RESIDENTIAL,655148,1310,DT RESIDENTIAL SOUTH LLC,VA,"Delinquent ($8,000)",CRA: SE  Overtown/Park West,4/6,"https://www.google.com/maps/search/?api=1&query=25.778639,-80.195834"
400 NW 1 AVE,Miami,MIXED USE-STORE/RESIDENTIAL,655148,1310,DT RESIDENTIAL SOUTH LLC,VA,"Delinquent ($8,000)",CRA: SE  Overtown/Park West,4/6,"https://www.google.com/maps/search/?api=1&query=25.778707,-80.195725"
1633 N BAYSHORE DR,Miami,HOTEL OR MOTEL,643107,1286,BISCAYNE BAY LAND EAT LLC,AZ,"Delinquent ($9,050)",CRA: Omni,4/6,"https://www.google.com/maps/search/?api=1&query=25.790812,-80.186623"
7200 W 4 AVE,Hialeah,MULTIFAMILY 10 UNITS PLUS,614708,1229,FLORIDA KENNELS INC,IL,"Delinquent ($18,500)",OZ: 93.08,4/6,"https://www.google.com/maps/search/?api=1&query=25.889424,-80.293622"
100 NW 6 ST,Miami,MIXED USE-STORE/RESIDENTIAL,602884,1205,DT RESIDENTIAL NORTH LLC,VA,"Delinquent ($18,500)",CRA: SE  Overtown/Park West,4/6,"https://www.google.com/maps/search/?api=1&query=25.779039,-80.195922"
100 NW 6 ST,Miami,MIXED USE-STORE/RESIDENTIAL,602884,1205,DT RESIDENTIAL NORTH LLC,VA,"Delinquent ($18,500)",CRA: SE  Overtown/Park West,4/6,"https://www.google.com/maps/search/?api=1&query=25.779051,-80.195779"
100 NW 6 ST,Miami,MIXED USE-STORE/RESIDENTIAL,602884,1205,DT RESIDENTIAL NORTH LLC,VA,"Delinquent ($18,500)",CRA: SE  Overtown/Park West,4/6,"https://www.google.com/maps/search/?api=1&query=25.779239,-80.195961"
100 NW 6 ST,Miami,MIXED USE-STORE/RESIDENTIAL,602884,1205,DT RESIDENTIAL NORTH LLC,VA,"Delinquent ($18,500)",CRA: SE  Overtown/Park West,4/6,"https://www.google.com/maps/search/?api=1&query=25.779483,-80.195878"
20900 BISCAYNE BLVD,Miami Gardens,HOSPITAL - PRIVATE,600923,1201,MIAMI BEACH HEALTHCARE GROUP LTD,TN,"Delinquent ($8,000)",OZ: 1.34,4/6,"https://www.google.com/maps/search/?api=1&query=25.969349,-80.145603"
19501 BISCAYNE BLVD 1455,Miami Gardens,DEPARTMENT STORE,593596,1187,AVENTURA MALL VENTURE,OH,"Delinquent ($18,500)",OZ: 1.34,4/6,"https://www.google.com/maps/search/?api=1&query=25.95754,-80.141527"
711 NW 72 AVE,Miami,HOTEL OR MOTEL,570000,1140,AFP 103 CORP,NY,"Delinquent ($18,500)",OZ: 91,4/6,"https://www.google.com/maps/search/?api=1&query=25.778585,-80.310101"
7100 NW 32 AVE,Miami,WAREHOUSE TERMINAL OR STG,565771,1131,BURDINES REAL ESTATE II INC,OH,"Delinquent ($19,550)",CRA: NW 79th Street + OZ: 9.03,4/6,"https://www.google.com/maps/search/?api=1&query=25.839445,-80.250758"
180 NE 29 ST,Miami,MULTIFAMILY 10 UNITS PLUS,545562,1091,PPF AMLI 180 NE 29TH STREET LLC,IL,"Delinquent ($8,000)",OZ: 27.02,4/6,"https://www.google.com/maps/search/?api=1&query=25.803628,-80.191838"
150 W FLAGLER ST,Miami,OFFICE BUILDING - MULTISTORY,545044,1090,BOF FL MUSEUM TOWER LLC,UT,"Delinquent ($8,000)",OZ: 36.01,4/6,"https://www.google.com/maps/search/?api=1&query=25.773557,-80.197134"
21201 NW 43 AVE,Miami Gardens,WAREHOUSE TERMINAL OR STG,536184,1072,MG EAST LLC,IL,"Delinquent ($18,500)",CRA: Miami Gardens + OZ: 100.01,4/6,"https://www.google.com/maps/search/?api=1&query=25.966465,-80.272709"
218 NW 8 ST,Miami,MULTIFAMILY 10 UNITS PLUS,516808,1033,AVANTI RESIDENTIAL ARTE,CO,"Delinquent ($18,500)",CRA: SE  Overtown/Park West + OZ: 34,4/6,"https://www.google.com/maps/search/?api=1&query=25.781387,-80.19915"
9200 NW 11 AVE,Hialeah,HOSPITAL - PRIVATE,504970,1009,MPT OF MIAMI EXCHANGE LLC,AL,"Delinquent ($18,500)",OZ: 10.05,4/6,"https://www.google.com/maps/search/?api=1&query=25.859475,-80.214507"
7000 NW 32 AVE,Miami,WAREHOUSE TERMINAL OR STG,484824,969,CENTERPOINT PROPERTIES TRUST,IL,"Delinquent ($18,500)",OZ: 9.03,4/6,"https://www.google.com/maps/search/?api=1&query=25.837234,-80.251638"
161 NW 6 ST,Miami,PARKING LOT/MOBILE HOME PARK,443631,887,B9 3MC OWNER LLC,NY,"Delinquent ($18,500)",CRA: SE  Overtown/Park West + OZ: 34,4/6,"https://www.google.com/maps/search/?api=1&query=25.780118,-80.197029"
161 NW 6 ST,Miami,PARKING LOT/MOBILE HOME PARK,443631,887,B9 3MC OWNER LLC,NY,"Delinquent ($18,500)",CRA: SE  Overtown/Park West + OZ: 34,4/6,"https://www.google.com/maps/search/?api=1&query=25.780126,-80.197024"
161 NW 6 ST,Miami,PARKING LOT/MOBILE HOME PARK,443631,887,B9 3MC OWNER LLC,NY,"Delinquent ($18,500)",CRA: SE  Overtown/Park West + OZ: 34,4/6,"https://www.google.com/maps/search/?api=1&query=25.780443,-80.19723"
161 NW 6 ST,Miami,PARKING LOT/MOBILE HOME PARK,443631,887,B9 3MC OWNER LLC,NY,"Delinquent ($18,500)",CRA: SE  Overtown/Park West + OZ: 34,4/6,"https://www.google.com/maps/search/?api=1&query=25.780595,-80.197797"
161 NW 6 ST,Miami,PARKING LOT/MOBILE HOME PARK,443631,887,B9 3MC OWNER LLC,NY,"Delinquent ($18,500)",CRA: SE  Overtown/Park West + OZ: 34,4/6,"https://www.google.com/maps/search/?api=1&query=25.780612,-80.197781"
161 NW 6 ST,Miami,PARKING LOT/MOBILE HOME PARK,443631,887,B9 3MC OWNER LLC,NY,"Delinquent ($18,500)",CRA: SE  Overtown/Park West + OZ: 34,4/6,"https://www.google.com/maps/search/?api=1&query=25.78063,-80.197781"
2377 COLLINS AVE,Miami Beach,HOTEL OR MOTEL,433336,866,SB HOTEL OWNER LP,CT,"Delinquent ($9,050)",CRA: Miami Beach City Center,4/6,"https://www.google.com/maps/search/?api=1&query=25.799024,-80.126495"
19279 NW 27 AVE,Miami Gardens,MULTIFAMILY 10 UNITS PLUS,420332,840,NEW POMELO LLC,IN,"Delinquent ($18,500)",CRA: Miami Gardens,4/6,"https://www.google.com/maps/search/?api=1&query=25.950236,-80.243337"
5405 NW 159 ST,Hialeah,MULTIFAMILY 10 UNITS PLUS,409355,818,5200 NW 158TH TERRACE FL,IL,"Delinquent ($19,550)",OZ: 5.01,4/6,"https://www.google.com/maps/search/?api=1&query=25.916793,-80.285856"
1100 BISCAYNE BLVD,Miami,HOTEL OR MOTEL,401445,802,1100 BISCAYNE PROPCO LLC,NY,"Delinquent ($18,500)",CRA: SE  Overtown/Park West,4/6,"https://www.google.com/maps/search/?api=1&query=25.785174,-80.190079"
19507 BISCAYNE BLVD,Miami Gardens,REGIONAL SHOPPING CENTER,387151,774,AVENTURA MALL VENTURE,MO,"Delinquent ($18,500)",OZ: 1.34,4/6,"https://www.google.com/maps/search/?api=1&query=25.956929,-80.145071"
25370 SW 137 AVE,Homestead,MULTIFAMILY 10 UNITS PLUS,375167,750,25400 SW 137TH AVENUE FL OWNER,IL,"Delinquent ($18,500)",CRA: Naranja Expansion,4/6,"https://www.google.com/maps/search/?api=1&query=25.531632,-80.413302"
800 E MOWRY DR,Miami-Dade County,MULTIFAMILY 10 UNITS PLUS,374632,749,SPT DOLPHIN HOMESTEAD COLONY LLC,GA,"Delinquent ($8,000)",OZ: 111.01,4/6,"https://www.google.com/maps/search/?api=1&query=25.468514,-80.466393"
1111 LINCOLN RD,Miami Beach,OFFICE BUILDING - MULTISTORY,370836,741,1111 LINCOLN LLC,CA,"Delinquent ($8,000)",CRA: Miami Beach City Center,4/6,"https://www.google.com/maps/search/?api=1&query=25.790732,-80.140562"
5601 NW 72 AVE,Miami,WAREHOUSE TERMINAL OR STG,370320,740,LIT INDUSTRIAL LP,TX,"Delinquent ($18,500)",OZ: 91,4/6,"https://www.google.com/maps/search/?api=1&query=25.825634,-80.311909"
1545 COLLINS AVE,Miami Beach,HOTEL OR MOTEL,346455,692,RP HOTEL HOLDINGS LLC,VA,"Delinquent ($8,000)",CRA: Miami Beach City Center,4/6,"https://www.google.com/maps/search/?api=1&query=25.788413,-80.129343"
20601 NW 17 AVE,Miami Gardens,MULTIFAMILY 10 UNITS PLUS,341091,682,FAIRFIELD CEDAR GROVE LP,CA,"Delinquent ($18,500)",CRA: Miami Gardens,4/6,"https://www.google.com/maps/search/?api=1&query=25.962569,-80.232644"
18700 NW 27 AVE,Miami Gardens,MULTIFAMILY 10 UNITS PLUS,338467,676,18740 NW 27TH AVENUE OWNER LLC,IL,"Delinquent ($8,000)",CRA: Miami Gardens + OZ: 100.11,4/6,"https://www.google.com/maps/search/?api=1&query=25.944287,-80.246813"
20950 NE 27 CT,Miami Gardens,PROFESSIONAL SERVICE BLDG,331091,662,MIAMI BEACH HEALTHCARE GROUP LTD,TN,"Delinquent ($8,000)",OZ: 1.34,4/6,"https://www.google.com/maps/search/?api=1&query=25.969884,-80.147224"
600 NW 6 ST,Miami,MULTIFAMILY 10 UNITS PLUS,323299,646,TUSCAN PLACE LTD PARTNERSHIP,MA,"Delinquent ($18,500)",CRA: SE  Overtown/Park West + OZ: 36.01,4/6,"https://www.google.com/maps/search/?api=1&query=25.779135,-80.205255"
14900 SW 283 ST,Homestead,MULTIFAMILY 10 UNITS PLUS,321122,642,SW 283 HOMESTEAD LLC,CO,"Delinquent ($18,500)",CRA: Naranja,4/6,"https://www.google.com/maps/search/?api=1&query=25.504028,-80.433913"
18301 S DIXIE HWY,Cutler Bay,MULTIFAMILY 10 UNITS PLUS,318925,637,WESTDALE BAY VILLAGE LLC,TX,"Delinquent ($18,500)",OZ: 82.08,4/6,"https://www.google.com/maps/search/?api=1&query=25.600055,-80.352397"
18900 NW 27 AVE,Miami Gardens,MULTIFAMILY 10 UNITS PLUS,292626,585,18800 NW 27TH AVENUE OWNER LLC,IL,"Delinquent ($8,000)",CRA: Miami Gardens + OZ: 100.11,4/6,"https://www.google.com/maps/search/?api=1&query=25.947398,-80.246731"
1951 NW 7 AVE,Miami,PROFESSIONAL SERVICE BLDG,291755,583,7TH AVE MARKET LLC,AZ,"Delinquent ($18,500)",CRA: SE  Overtown/Park West + OZ: 31,4/6,"https://www.google.com/maps/search/?api=1&query=25.79491,-80.206747"
4310 NW 215 ST,Miami Gardens,WAREHOUSE TERMINAL OR STG,287958,575,MG EAST LLC,IL,"Delinquent ($18,500)",CRA: Miami Gardens + OZ: 100.01,4/6,"https://www.google.com/maps/search/?api=1&query=25.968464,-80.270925"
4350 NW 215 ST,Miami Gardens,WAREHOUSE TERMINAL OR STG,287958,575,MG EAST LLC,IL,"Delinquent ($8,000)",CRA: Miami Gardens + OZ: 100.01,4/6,"https://www.google.com/maps/search/?api=1&query=25.9684,-80.272635"
950 NE 124 ST,North Miami,MULTIFAMILY 10 UNITS PLUS,282475,564,HORIZON AT NOMI LLC,NY,"Delinquent ($8,000)",CRA: North Miami,4/6,"https://www.google.com/maps/search/?api=1&query=25.889191,-80.178686"
7101 NW 32 AVE,Miami,WAREHOUSE TERMINAL OR STG,277425,554,RLIF EAST 6 LLC,MD,"Delinquent ($18,500)",CRA: NW 79th Street + OZ: 9.03,4/6,"https://www.google.com/maps/search/?api=1&query=25.839354,-80.249133"
919 NW 2 AVE,Miami,MULTIFAMILY 10 UNITS PLUS,271269,542,LYRIC HOUSING LTD,MA,"Delinquent ($8,000)",CRA: SE  Overtown/Park West + OZ: 34,4/6,"https://www.google.com/maps/search/?api=1&query=25.783213,-80.197381"
445 NW 4 ST,Miami,MULTIFAMILY 10 UNITS PLUS,264180,528,MIAMI RIVER PARK ASSOC LTD,MA,"Delinquent ($18,500)",OZ: 36.01,4/6,"https://www.google.com/maps/search/?api=1&query=25.778035,-80.202006"
1500 NW 119 ST,Hialeah,MULTIFAMILY 10 UNITS PLUS,258445,516,1560 NW 119TH STREET FL OWNER,IL,"Delinquent ($18,500)",OZ: 4.09,4/6,"https://www.google.com/maps/search/?api=1&query=25.881513,-80.224324"
3208 NW 72 AVE,Miami,WAREHOUSE TERMINAL OR STG,256728,513,ATC PROPERTY OWNER LLC,CT,"Delinquent ($18,500)",OZ: 91,4/6,"https://www.google.com/maps/search/?api=1&query=25.805217,-80.314484"
7205 NE 4 AVE,Miami,WAREHOUSE TERMINAL OR STG,255124,510,SW 71 OWNER LLC,NY,"Delinquent ($18,500)",OZ: 14.02,4/6,"https://www.google.com/maps/search/?api=1&query=25.84292,-80.188938"
1100 LINCOLN RD,Miami Beach,STORE,253168,506,BH 1100 LINCOLN ROAD LLC,CA,"Delinquent ($18,500)",CRA: Miami Beach City Center,4/6,"https://www.google.com/maps/search/?api=1&query=25.790104,-80.140608"
33501 S DIXIE HWY,Florida City,DEPARTMENT STORE,252526,505,WAL MART STORES EAST LP,AR,"Delinquent ($18,500)",CRA: Florida City,4/6,"https://www.google.com/maps/search/?api=1&query=25.457549,-80.472808"
150 NE 79 ST,Miami,MULTIFAMILY 10 UNITS PLUS,251004,502,LAFAYETTE SQUARE LTD,MA,"Delinquent ($18,500)",OZ: 14.02,4/6,"https://www.google.com/maps/search/?api=1&query=25.847095,-80.194285"
18403 S DIXIE HWY,Homestead,COMMUNITY SHOPPING CENTER,250133,500,SOUTH DADE SHOPPING LLC,IA,"Delinquent ($18,500)",OZ: 82.08,4/6,"https://www.google.com/maps/search/?api=1&query=25.597673,-80.352803"
1250 NW 79 ST,Miami,MULTIFAMILY 10 UNITS PLUS,243564,487,1320 NW 79TH STREET FL OWNER,IL,"Delinquent ($18,500)",CRA: NW 79th Street + OZ: 10.04,4/6,"https://www.google.com/maps/search/?api=1&query=25.844428,-80.218627"
2003 NW 70 AVE,Miami,WAREHOUSE TERMINAL OR STG,243384,486,DCT BOGGY CREEK FL LP,CO,"Delinquent ($8,000)",OZ: 91,4/6,"https://www.google.com/maps/search/?api=1&query=25.793107,-80.309875"
1400 E MOWRY DR,Miami-Dade County,MULTIFAMILY 10 UNITS PLUS,235219,470,1400 E MOWRY DRIVE FL OWNER LLC,IL,"Delinquent ($8,000)",OZ: 110.01,4/6,"https://www.google.com/maps/search/?api=1&query=25.467624,-80.459155"
19501 NW 27 AVE,Miami Gardens,STORE,232001,464,WAL MART STORES EAST LP,AR,"Delinquent ($18,500)",CRA: Miami Gardens,4/6,"https://www.google.com/maps/search/?api=1&query=25.954176,-80.24456"
5501 NW 72 AVE,Miami,WAREHOUSE TERMINAL OR STG,227880,455,SPG 72ND AVE LLC,PA,"Delinquent ($8,000)",OZ: 91,4/6,"https://www.google.com/maps/search/?api=1&query=25.823994,-80.310498"
13700 SW 268 ST,Homestead,MULTIFAMILY 10 UNITS PLUS,226882,453,MALIBU GARDENS OWNER LLC,CA,"Delinquent ($18,500)",CRA: Naranja,4/6,"https://www.google.com/maps/search/?api=1&query=25.517285,-80.414109"
21150 BISCAYNE BLVD,Miami Gardens,PARKING LOT/MOBILE HOME PARK,225234,450,MIAMI BEACH HEALTHCARE GROUP LTD,TN,"Delinquent ($18,500)",OZ: 1.34,4/6,"https://www.google.com/maps/search/?api=1&query=25.971288,-80.144848"
15350 SW 284 ST,Homestead,MULTIFAMILY 10 UNITS PLUS,223951,447,SREIT VILLA BISCAYNE LLC,GA,"Delinquent ($18,500)",CRA: Naranja,4/6,"https://www.google.com/maps/search/?api=1&query=25.502133,-80.43961"
25001 SW 130 AVE,Homestead,MULTIFAMILY 10 UNITS PLUS,218945,437,CPT GP PRINCETON GROVES LLC,CO,"Delinquent ($18,500)",CRA: Naranja Expansion,4/6,"https://www.google.com/maps/search/?api=1&query=25.534857,-80.402766"
12801 SW 252 ST,Homestead,MULTIFAMILY 10 UNITS PLUS,218094,436,12801 SW 252 OWNER LLC,IL,"Delinquent ($18,500)",CRA: Naranja Expansion,4/6,"https://www.google.com/maps/search/?api=1&query=25.532785,-80.399266"
803 HOMESTEAD BLVD,Homestead,COMMUNITY SHOPPING CENTER,216282,432,KIMCO REALTY CORP,NY,"Delinquent ($23,750)",CRA: Homestead + OZ: 110.01,4/6,"https://www.google.com/maps/search/?api=1&query=25.47944,-80.463055"
700 NW 1 AVE,Miami,OFFICE BUILDING - MULTISTORY,215207,430,B9 2MC OWNER LLC,NY,"Delinquent ($8,000)",CRA: SE  Overtown/Park West + OZ: 34,4/6,"https://www.google.com/maps/search/?api=1&query=25.781189,-80.19609"
700 NW 1 AVE,Miami,OFFICE BUILDING - MULTISTORY,215207,430,B9 2MC OWNER LLC,NY,"Delinquent ($8,000)",CRA: SE  Overtown/Park West,4/6,"https://www.google.com/maps/search/?api=1&query=25.780855,-80.196007"
700 NW 1 AVE,Miami,OFFICE BUILDING - MULTISTORY,215207,430,B9 2MC OWNER LLC,NY,"Delinquent ($8,000)",CRA: SE  Overtown/Park West,4/6,"https://www.google.com/maps/search/?api=1&query=25.780785,-80.196108"
700 NW 1 AVE,Miami,OFFICE BUILDING - MULTISTORY,215207,430,B9 2MC OWNER LLC,NY,"Delinquent ($8,000)",CRA: SE  Overtown/Park West,4/6,"https://www.google.com/maps/search/?api=1&query=25.780613,-80.195902"
2900 NW 75 ST,Miami,WAREHOUSE TERMINAL OR STG,212106,424,ECS MIAMI PROPCO LLC,GA,"Delinquent ($18,500)",CRA: NW 79th Street + OZ: 9.03,4/6,"https://www.google.com/maps/search/?api=1&query=25.842369,-80.244559"
6699 NW 36 AVE,Miami,WAREHOUSE TERMINAL OR STG,211928,423,LRF3 MIA 36TH AVENUE LLC,MA,"Delinquent ($18,500)",OZ: 9.03,4/6,"https://www.google.com/maps/search/?api=1&query=25.833583,-80.254782"
1801 COLLINS AVE,Miami Beach,HOTEL OR MOTEL,206500,413,SHELBORNE HOTEL PARTNERS WC LP,NY,"Delinquent ($8,000)",CRA: Miami Beach City Center,4/6,"https://www.google.com/maps/search/?api=1&query=25.794154,-80.127747"
5705 NW 7 ST,Miami,COMMUNITY SHOPPING CENTER,204356,408,GRI EQY ( AIRPARK PLAZA) LLC,MD,"Delinquent ($18,500)",OZ: 57.01,4/6,"https://www.google.com/maps/search/?api=1&query=25.778816,-80.289336"
155 NE 78 ST,Miami,MULTIFAMILY 10 UNITS PLUS,203531,407,LAFAYETTE SQUARE II LTD,MA,"Delinquent ($8,000)",OZ: 14.02,4/6,"https://www.google.com/maps/search/?api=1&query=25.846771,-80.194224"
554 NE 1 AVE,Florida City,AUTOMOTIVE OR MARINE,203528,407,FLORIDA CITY H LLC,OR,"Delinquent ($8,000)",CRA: Florida City,4/6,"https://www.google.com/maps/search/?api=1&query=25.454842,-80.47668"
5900 NW 72 AVE,Miami,CANNERY OR DISTILLERY,197408,394,THE AMERICAN BOTTLING COMPANY,TX,"Delinquent ($8,000)",OZ: 91,4/6,"https://www.google.com/maps/search/?api=1&query=25.827264,-80.315373"
18665 NW 37 AVE,Miami Gardens,MULTIFAMILY 10 UNITS PLUS,194562,389,MIAMI GARDENS APARTMENTS LLC,NY,"Delinquent ($18,500)",OZ: 100.11,4/6,"https://www.google.com/maps/search/?api=1&query=25.943571,-80.260688"
3200 NW 79 ST,Miami,STORE,193510,387,WALMART STORES EAST LP,AR,"Delinquent ($18,500)",CRA: NW 79th Street + OZ: 9.03,4/6,"https://www.google.com/maps/search/?api=1&query=25.844443,-80.25043"
20805 BISCAYNE BLVD,Miami Gardens,HOTEL OR MOTEL,191674,383,PDOF AVENTURA 20805 LLC,GA,"Delinquent ($13,250)",OZ: 1.34,4/6,"https://www.google.com/maps/search/?api=1&query=25.967594,-80.14219"
3450 BISCAYNE BLVD,Miami,HOTEL OR MOTEL,189673,379,ODYSSEY PROPCO VII LLC,CA,"Delinquent ($18,500)",OZ: 27.02,4/6,"https://www.google.com/maps/search/?api=1&query=25.809216,-80.189948"
9761 SW 152 ST,Cutler Bay,MULTIFAMILY 10 UNITS PLUS,187775,375,VILLAGE AT CORAL REEF LLC,MA,"Delinquent ($18,500)",OZ: 83.04,4/6,"https://www.google.com/maps/search/?api=1&query=25.629473,-80.351308"
6905 NW 25 ST,Miami,WAREHOUSE TERMINAL OR STG,183857,367,AMB INSTITU ALLI FUND III LLC,MA,"Delinquent ($18,500)",OZ: 91,4/6,"https://www.google.com/maps/search/?api=1&query=25.798541,-80.309672"
6100 NW 74 AVE,Miami,LIGHT MANUFACTURING,181986,363,BPREP PALMETTO AIRPORT LLC,NY,"Delinquent ($8,000)",OZ: 91,4/6,"https://www.google.com/maps/search/?api=1&query=25.829454,-80.319657"
7200 NW 25 ST,Miami,LIGHT MANUFACTURING,178521,357,MP WEBSTER PARK LLC,MA,"Delinquent ($8,000)",OZ: 91,4/6,"https://www.google.com/maps/search/?api=1&query=25.796372,-80.313485"
1850 NE 8 ST,Miami-Dade County,STORE,177485,354,LOWES HOME CENTERS INC,NC,"Delinquent ($18,500)",OZ: 110.01,4/6,"https://www.google.com/maps/search/?api=1&query=25.475424,-80.45082"
26600 SW 146 CT,Homestead,MULTIFAMILY 10 UNITS PLUS,173351,346,SUNRISE COMMONS PRESERVATION LTD,CA,"Delinquent ($18,500)",CRA: Naranja Expansion,4/6,"https://www.google.com/maps/search/?api=1&query=25.519751,-80.428738"
670 NW 6 ST,Miami,MULTIFAMILY 10 UNITS PLUS,171447,342,TUSCAN PLACE II LTD PARTNERSHIP,MA,"Delinquent ($8,000)",CRA: SE  Overtown/Park West + OZ: 36.01,4/6,"https://www.google.com/maps/search/?api=1&query=25.778978,-80.206238"
161 NW 6 ST,Miami,OFFICE BUILDING - MULTISTORY,170681,341,B9 3MC OWNER LLC,NY,"Delinquent ($8,000)",CRA: SE  Overtown/Park West + OZ: 34,4/6,"https://www.google.com/maps/search/?api=1&query=25.780159,-80.197189"
161 NW 6 ST,Miami,OFFICE BUILDING - MULTISTORY,170681,341,B9 3MC OWNER LLC,NY,"Delinquent ($8,000)",CRA: SE  Overtown/Park West + OZ: 34,4/6,"https://www.google.com/maps/search/?api=1&query=25.780115,-80.197421"
27550 S DIXIE HWY,Homestead,MULTIFAMILY 10 UNITS PLUS,168067,336,NARANJA LAKES HOUSING PARTNERS LP,GA,"Delinquent ($18,500)",CRA: Naranja,4/6,"https://www.google.com/maps/search/?api=1&query=25.510958,-80.435761"
16241 NW 48 AVE,Miami Gardens,LIGHT MANUFACTURING,164254,328,E J FLORIDA PROPERTY LLC,GA,"Delinquent ($8,000)",OZ: 5.01,4/6,"https://www.google.com/maps/search/?api=1&query=25.920851,-80.277721"
5959 NW 7 ST,Miami,HOSPITAL - PRIVATE,163692,327,MPT CORAL TERRACE STEWARD LLC,AL,"Delinquent ($18,500)",OZ: 57.01,4/6,"https://www.google.com/maps/search/?api=1&query=25.778161,-80.293902"
2950 AVENTURA BLVD,Miami Gardens,REGIONAL SHOPPING CENTER,158758,317,REGENCY CENTERS L P,TX,"Delinquent ($18,500)",OZ: 1.34,4/6,"https://www.google.com/maps/search/?api=1&query=25.960662,-80.141428"
3380 NW 17 AVE,Miami,MULTIFAMILY 10 UNITS PLUS,158664,317,PEARL APARTMENTS LTD,MA,"Delinquent ($18,500)",OZ: 24.04,4/6,"https://www.google.com/maps/search/?api=1&query=25.80744,-80.224117"
2334 BISCAYNE BLVD,Miami,WAREHOUSE TERMINAL OR STG,157853,315,BMS OMNI LLC,CA,"Delinquent ($18,500)",OZ: 27.02,4/6,"https://www.google.com/maps/search/?api=1&query=25.800042,-80.189593"
14777 BISCAYNE BLVD,Hialeah,COMMUNITY SHOPPING CENTER,157573,315,BISCAYNE COMMONS (EDENS) LLC,SC,"Delinquent ($18,500)",OZ: 1.09,4/6,"https://www.google.com/maps/search/?api=1&query=25.911794,-80.155998"
7600 NW 26 ST,Miami,WAREHOUSE TERMINAL OR STG,157277,314,TERRENO 26TH STREET LLC,CA,"Delinquent ($18,500)",OZ: 91,4/6,"https://www.google.com/maps/search/?api=1&query=25.797768,-80.319521"
1630 NW 70 AVE,Miami,WAREHOUSE TERMINAL OR STG,155914,311,DCT BOGGY CREEK FL LP,CO,"Delinquent ($8,000)",OZ: 91,4/6,"https://www.google.com/maps/search/?api=1&query=25.789678,-80.310975"
318 NW 23 ST,Miami,WAREHOUSE TERMINAL OR STG,155237,310,MANNIGAN HOLDINGS LLC,NJ,"Delinquent ($18,500)",CRA: Omni,4/6,"https://www.google.com/maps/search/?api=1&query=25.798423,-80.202397"
6891 NW 74 ST,Miami,LIGHT MANUFACTURING,155061,310,FIRST INDUSTRIAL L P,IL,"Delinquent ($8,000)",OZ: 91,4/6,"https://www.google.com/maps/search/?api=1&query=25.841066,-80.308385"
161 NW 6 ST,Miami,STORE,152894,305,B9 3MC RETAIL OWNER LLC,NY,"Delinquent ($8,000)",CRA: SE  Overtown/Park West + OZ: 34,4/6,"https://www.google.com/maps/search/?api=1&query=25.780059,-80.19727"
161 NW 6 ST,Miami,STORE,152894,305,B9 3MC RETAIL OWNER LLC,NY,"Delinquent ($8,000)",CRA: SE  Overtown/Park West + OZ: 34,4/6,"https://www.google.com/maps/search/?api=1&query=25.780221,-80.197623"
161 NW 6 ST,Miami,STORE,152894,305,B9 3MC RETAIL OWNER LLC,NY,"Delinquent ($8,000)",CRA: SE  Overtown/Park West + OZ: 34,4/6,"https://www.google.com/maps/search/?api=1&query=25.780639,-80.19721"
3300 NW 11 CT,Miami,MULTIFAMILY 10 UNITS PLUS,152745,305,ALLAPATTAH GARDENS LTD,CA,"Delinquent ($8,000)",OZ: 25.01,4/6,"https://www.google.com/maps/search/?api=1&query=25.808451,-80.214698"
7455 NW 22 AVE,Miami,MULTIFAMILY 10 UNITS PLUS,149802,299,SCOTT CARVER IIB LTD PARTNERSHIP,MO,"Delinquent ($18,500)",CRA: NW 79th Street + OZ: 10.04,4/6,"https://www.google.com/maps/search/?api=1&query=25.84273,-80.23188"
14075 BISCAYNE BLVD,Hialeah,DEPARTMENT STORE,149767,299,TARGET CORP,MN,"Delinquent ($18,500)",OZ: 1.09,4/6,"https://www.google.com/maps/search/?api=1&query=25.905956,-80.157218"
1825 COLLINS AVE,Miami Beach,HOTEL OR MOTEL,149189,298,HPT IHG-2 PROPERTIES TRUST,MA,"Delinquent ($18,500)",CRA: Miami Beach City Center,4/6,"https://www.google.com/maps/search/?api=1&query=25.7945,-80.12792"
6960 NW 36 AVE,Miami,WAREHOUSE TERMINAL OR STG,144675,289,MIAMI BUSINESS PARK LLC,CA,"Delinquent ($8,000)",OZ: 9.03,4/6,"https://www.google.com/maps/search/?api=1&query=25.837476,-80.256099"
3022 NW 73 ST,Miami,WAREHOUSE TERMINAL OR STG,144330,288,TERRENO 73RD STREET LLC,CA,"Delinquent ($18,500)",CRA: NW 79th Street + OZ: 9.03,4/6,"https://www.google.com/maps/search/?api=1&query=25.839505,-80.2461"
16700 NW 32 AVE,Miami Gardens,HEAVY INDUSTRIAL,144040,288,B F GOODRICH CO,CT,"Delinquent ($18,500)",OZ: 94,4/6,"https://www.google.com/maps/search/?api=1&query=25.926972,-80.253759"
2711 NE 211 ST,Miami Gardens,PARKING LOT/MOBILE HOME PARK,142604,285,MIAMI BEACH HEALTHCARE GROUP LTD,TN,"Delinquent ($8,000)",OZ: 1.34,4/6,"https://www.google.com/maps/search/?api=1&query=25.971247,-80.14682"
2640 NW 79 ST,Miami,MULTIFAMILY 10 UNITS PLUS,142506,285,7755 NW 27TH AVENUE FL,IL,"Delinquent ($18,500)",CRA: NW 79th Street + OZ: 10.04,4/6,"https://www.google.com/maps/search/?api=1&query=25.844587,-80.240184"
15801 NW 49 AVE,Hialeah,WAREHOUSE TERMINAL OR STG,142415,284,PALMETTO LAKES INDUSTRIAL,NJ,"Delinquent ($8,000)",OZ: 5.01,4/6,"https://www.google.com/maps/search/?api=1&query=25.916955,-80.279703"
3315 NW 70 AVE,Miami,WAREHOUSE TERMINAL OR STG,142336,284,SECURITY CAPITAL INDUSTRIAL TR,CO,"Delinquent ($19,550)",OZ: 91,4/6,"https://www.google.com/maps/search/?api=1&query=25.803148,-80.309901"
2910 NE 207 ST,Miami Gardens,HOTEL OR MOTEL,139417,278,PDOF AVENTURA 2910 LLC,GA,"Delinquent ($8,000)",OZ: 1.34,4/6,"https://www.google.com/maps/search/?api=1&query=25.966961,-80.143237"
2910 NE 207 ST,Miami Gardens,HOTEL OR MOTEL,139417,278,PDOF AVENTURA 2910 LLC,GA,"Delinquent ($8,000)",OZ: 1.34,4/6,"https://www.google.com/maps/search/?api=1&query=25.96711,-80.142948"
2301 NW 119 ST,Hialeah,MULTIFAMILY 10 UNITS PLUS,139369,278,WESTVIEW GARDENS PRESERVATION LTD,CA,"Delinquent ($18,500)",OZ: 4.04,4/6,"https://www.google.com/maps/search/?api=1&query=25.884115,-80.237724"
16175 NW 49 AVE,Miami Gardens,WAREHOUSE TERMINAL OR STG,137565,275,NW 49TH AVENUE LLC,IL,"Delinquent ($18,500)",OZ: 5.01,4/6,"https://www.google.com/maps/search/?api=1&query=25.92045,-80.279355"
20900 BISCAYNE BLVD,Miami Gardens,HOSPITAL - PRIVATE,136428,272,MIAMI BEACH HEALTHCARE GROUP LTD,TN,"Delinquent ($18,500)",OZ: 1.34,4/6,"https://www.google.com/maps/search/?api=1&query=25.969217,-80.144737"
21485 NW 27 AVE,Miami Gardens,HOTEL OR MOTEL,136365,272,AIDS HEALTHCARE FOUNDATION INC,CA,"Delinquent ($8,000)",CRA: Miami Gardens,4/6,"https://www.google.com/maps/search/?api=1&query=25.971014,-80.245308"
244 NW 72 TER,Miami,MULTIFAMILY 10 UNITS PLUS,135938,271,EMERALD TERRACE LTD PARTNERSHIP,MA,"Delinquent ($18,500)",OZ: 14.01,4/6,"https://www.google.com/maps/search/?api=1&query=25.840995,-80.201801"
3108 NW 72 AVE,Miami,WAREHOUSE TERMINAL OR STG,134901,269,ATC PROPERTY OWNER LLC,CT,"Delinquent ($19,550)",OZ: 91,4/6,"https://www.google.com/maps/search/?api=1&query=25.803695,-80.314149"
27200 S DIXIE HWY,Homestead,WAREHOUSE TERMINAL OR STG,134799,269,EXTRA SPACE PROPERTIES EIGHTY,UT,"Delinquent ($8,000)",CRA: Naranja,4/6,"https://www.google.com/maps/search/?api=1&query=25.514577,-80.432305"
1905 NW 74 STREET TER,Miami,MULTIFAMILY 10 UNITS PLUS,133901,267,SCOTT CARVER IIB LTD PARTNERSHIP,MO,"Delinquent ($18,500)",CRA: NW 79th Street + OZ: 10.04,4/6,"https://www.google.com/maps/search/?api=1&query=25.842389,-80.2308"
700 NE 2 AVE,Miami,HOTEL OR MOTEL,132618,265,OSIB MIAMI WORLDCENTER,NY,"Delinquent ($8,000)",CRA: SE  Overtown/Park West,4/6,"https://www.google.com/maps/search/?api=1&query=25.78148,-80.190761"
7340 NW 25 ST,Miami,WAREHOUSE TERMINAL OR STG,131194,262,UNITED PARCEL SERVICE INC,GA,"Delinquent ($8,000)",OZ: 91,4/6,"https://www.google.com/maps/search/?api=1&query=25.796008,-80.317032"
7007 NW 37 AVE,Miami,WAREHOUSE TERMINAL OR STG,130794,261,MIAMI BUSINESS PARK LLC,CA,"Delinquent ($18,500)",OZ: 9.03,4/6,"https://www.google.com/maps/search/?api=1&query=25.837353,-80.257366"
33001 S DIXIE HWY,Florida City,STORE,130077,260,HOME DEPOT USA INC,GA,"Delinquent ($18,500)",CRA: Florida City,4/6,"https://www.google.com/maps/search/?api=1&query=25.46048,-80.473567"
15555 W DIXIE HWY,Hialeah,WAREHOUSE TERMINAL OR STG,129499,258,15555 W DIXIE LLC,CA,"Delinquent ($18,500)",OZ: 2.06,4/6,"https://www.google.com/maps/search/?api=1&query=25.919253,-80.158265"
10425 MARLIN RD,Homestead,WHOLESALE OUTLET,129488,258,GS CUTLER BAY LLC,MA,"Delinquent ($18,500)",CRA: West Perrine,4/6,"https://www.google.com/maps/search/?api=1&query=25.591934,-80.359314"
1880 NE 123 ST,North Miami,WAREHOUSE TERMINAL OR STG,129121,258,CUBESMART LP,PA,"Delinquent ($8,000)",CRA: North Miami,4/6,"https://www.google.com/maps/search/?api=1&query=25.888938,-80.160234"
8150 NW 76 AVE,Miami,WAREHOUSE TERMINAL OR STG,127203,254,SPG NW 76TH LLC,PA,"Delinquent ($18,500)",OZ: 91,4/6,"https://www.google.com/maps/search/?api=1&query=25.849134,-80.321247"
1704 NW 3 TER,Miami-Dade County,MULTIFAMILY 10 UNITS PLUS,125800,251,CAMERON CREEK PRESERVATION LTD,CA,"Delinquent ($18,500)",OZ: 114.03,4/6,"https://www.google.com/maps/search/?api=1&query=25.452373,-80.499936"
3405 NW 72 AVE,Miami,WAREHOUSE TERMINAL OR STG,123797,247,AMB PROPERTY LP,CO,"Delinquent ($24,800)",OZ: 91,4/6,"https://www.google.com/maps/search/?api=1&query=25.805762,-80.310219"
19400 SW 106 AVE,Homestead,STORE,123470,246,HOME DEPOT USA INC,GA,"Delinquent ($8,000)",CRA: West Perrine,4/6,"https://www.google.com/maps/search/?api=1&query=25.584956,-80.365565"
30215 S DIXIE HWY,Miami-Dade County,WAREHOUSE TERMINAL OR STG,121494,242,U HAUL CO OF FLORIDA,AZ,"Delinquent ($18,500)",OZ: 110.01,4/6,"https://www.google.com/maps/search/?api=1&query=25.485588,-80.458194"
19525 BISCAYNE BLVD,Miami Gardens,REGIONAL SHOPPING CENTER,1655191,3310,AVENTURA MALL VENTURE LESSOR,FL,"Delinquent ($18,500)",OZ: 1.34,3/6,"https://www.google.com/maps/search/?api=1&query=25.9583,-80.141024"
19525 BISCAYNE BLVD,Miami Gardens,REGIONAL SHOPPING CENTER,1655191,3310,AVENTURA MALL VENTURE LESSOR,FL,"Delinquent ($18,500)",OZ: 1.34,3/6,"https://www.google.com/maps/search/?api=1&query=25.955487,-80.142186"
21451 NW 47 AVE,Miami Gardens,WAREHOUSE TERMINAL OR STG,1593553,3187,MG WESTSIDE LLC,FL,"Delinquent ($18,500)",CRA: Miami Gardens + OZ: 100.01,3/6,"https://www.google.com/maps/search/?api=1&query=25.966657,-80.275516"
25 NE 5 ST,Miami,MULTIFAMILY 10 UNITS PLUS,1544491,3088,5 PLAZA LLC,FL,"Delinquent ($23,750)",CRA: SE  Overtown/Park West,3/6,"https://www.google.com/maps/search/?api=1&query=25.779232,-80.193361"
1424 NE MIAMI PL,Miami,MULTIFAMILY 10 UNITS PLUS,1262330,2524,14 PLAZA CORP,FL,"Delinquent ($18,500)",CRA: Omni,3/6,"https://www.google.com/maps/search/?api=1&query=25.788619,-80.193482"
2900 BISCAYNE BLVD,Miami,MIXED USE-STORE/RESIDENTIAL,1076188,2152,OZPC NO 1 2900 BISCAYNE BLVD LLC,FL,"Delinquent ($8,000)",OZ: 27.02,3/6,"https://www.google.com/maps/search/?api=1&query=25.804734,-80.189857"
650 NE 2 AVE,Miami,MULTIFAMILY 10 UNITS PLUS,1014031,2028,ZM MWC OWNER LLC,FL,"Delinquent ($18,500)",CRA: SE  Overtown/Park West,3/6,"https://www.google.com/maps/search/?api=1&query=25.780791,-80.190895"
58 NE 14 ST,Miami,MULTIFAMILY 10 UNITS PLUS,990766,1981,ART PLAZA LLC,FL,"Delinquent ($18,500)",CRA: Omni,3/6,"https://www.google.com/maps/search/?api=1&query=25.787946,-80.192878"
14100 BISCAYNE BLVD,North Miami,AUTOMOTIVE OR MARINE,937907,1875,COUNTYLINE AUTO CENTER INC,FL,"Delinquent ($18,500)",CRA: North Miami,3/6,"https://www.google.com/maps/search/?api=1&query=25.905996,-80.160385"
245 NE 14 ST,Miami,MULTIFAMILY 10 UNITS PLUS,909126,1818,OPERA PLAZA LLC,FL,"Delinquent ($18,500)",CRA: Omni,3/6,"https://www.google.com/maps/search/?api=1&query=25.788462,-80.190366"
2301 LAGUNA CIR,North Miami,MULTIFAMILY 10 UNITS PLUS,845401,1690,OPLH IV LLC,FL,"Delinquent ($19,550)",CRA: North Miami + OZ: 1.09,3/6,"https://www.google.com/maps/search/?api=1&query=25.912112,-80.151923"
19565 BISCAYNE BLVD,Miami Gardens,REGIONAL SHOPPING CENTER,841690,1683,AVENTURA MALL VENTURE LESSOR,FL,"Delinquent ($23,750)",OZ: 1.34,3/6,"https://www.google.com/maps/search/?api=1&query=25.958602,-80.142625"
50 NE 9 ST,Miami,OFFICE BUILDING - MULTISTORY,790173,1580,VERIZON DATA CENTERS V LLC,FL,"Delinquent ($18,500)",CRA: SE  Overtown/Park West,3/6,"https://www.google.com/maps/search/?api=1&query=25.782364,-80.193032"
2220 NE 2 AVE,Miami,MIXED USE-STORE/RESIDENTIAL,790139,1580,CARDINAL PLAZA CORP,FL,"Delinquent ($18,500)",OZ: 27.02,3/6,"https://www.google.com/maps/search/?api=1&query=25.798435,-80.191873"
2220 NE 2 AVE,Miami,MIXED USE-STORE/RESIDENTIAL,790139,1580,CARDINAL PLAZA CORP,FL,"Delinquent ($18,500)",OZ: 27.02,3/6,"https://www.google.com/maps/search/?api=1&query=25.798483,-80.191349"
1601 COLLINS AVE,Miami Beach,HOTEL OR MOTEL,789479,1578,MB REDEVELOPMENT LLC,FL,"Delinquent ($18,500)",CRA: Miami Beach City Center,3/6,"https://www.google.com/maps/search/?api=1&query=25.78921,-80.129178"
3401 N MIAMI AVE,Miami,REGIONAL SHOPPING CENTER,763761,1527,CCB ASSOCIATES 39 LLC,FL,"Delinquent ($18,500)",CRA: Midtown Miami,3/6,"https://www.google.com/maps/search/?api=1&query=25.809631,-80.194363"
19501 BISCAYNE BLVD,Miami Gardens,DEPARTMENT STORE,697157,1394,AVENTURA MALL VENTURE,FL,"Delinquent ($8,000)",OZ: 1.34,3/6,"https://www.google.com/maps/search/?api=1&query=25.959598,-80.143709"
47 NE 15 ST,Miami,MULTIFAMILY 10 UNITS PLUS,690466,1380,MIAMI PLAZA LLC,FL,"Delinquent ($18,500)",CRA: Omni + OZ: 27.02,3/6,"https://www.google.com/maps/search/?api=1&query=25.78957,-80.193578"
20505 S DIXIE HWY,Homestead,COMMUNITY SHOPPING CENTER,688723,1377,BH SOUTH DIXIE SL MALL LLC,FL,"Delinquent ($8,000)",OZ: 106.09,3/6,"https://www.google.com/maps/search/?api=1&query=25.57409,-80.367064"
7900 NW 27 AVE,Miami,COMMUNITY SHOPPING CENTER,680945,1361,NORTHSIDE CENTRE LLC,FL,"Delinquent ($18,500)",CRA: NW 79th Street,3/6,"https://www.google.com/maps/search/?api=1&query=25.847777,-80.242943"
16401 NW 37 AVE,Miami Gardens,EDUCATIONAL/SCIENTIFIC - EX,649901,1299,ST THOMAS UNIVERSITY INC,FL,"Delinquent ($18,500)",OZ: 5.01,3/6,"https://www.google.com/maps/search/?api=1&query=25.924807,-80.256121"
915 NW 1 AVE,Miami,MULTIFAMILY 10 UNITS PLUS,639456,1278,PARK PLACE ASSOC LLC,FL,"Delinquent ($8,000)",CRA: SE  Overtown/Park West,3/6,"https://www.google.com/maps/search/?api=1&query=25.783262,-80.194947"
14695 NE 18 AVE,North Miami,MULTIFAMILY 10 UNITS PLUS,606000,1212,YMP CENTER COURT LLC,FL,"Delinquent ($18,500)",CRA: North Miami,3/6,"https://www.google.com/maps/search/?api=1&query=25.912435,-80.162783"
19505 BISCAYNE BLVD,Miami Gardens,REGIONAL SHOPPING CENTER,599433,1198,BOULEVARD STEP VENTURES LLC,FL,"Delinquent ($8,000)",OZ: 1.34,3/6,"https://www.google.com/maps/search/?api=1&query=25.955056,-80.142915"
2300 NE 151 ST,North Miami,AUTOMOTIVE OR MARINE,591581,1183,CITY OF NORTH MIAMI,FL,"Delinquent ($23,750)",CRA: North Miami + OZ: 1.09,3/6,"https://www.google.com/maps/search/?api=1&query=25.91457,-80.153851"
2145 NE 164 ST,North Miami Beach,MULTIFAMILY 10 UNITS PLUS,555469,1110,NORTH MB OWNER LLC,FL,"Delinquent ($19,550)",CRA: North Miami Beach,3/6,"https://www.google.com/maps/search/?api=1&query=25.92787,-80.157441"
340 W FLAGLER ST,Miami,MULTIFAMILY 10 UNITS PLUS,551392,1102,RIVER PLAZA CORP,FL,"Delinquent ($18,500)",OZ: 36.01,3/6,"https://www.google.com/maps/search/?api=1&query=25.773569,-80.199984"
N/A,Miami,PARKING LOT/MOBILE HOME PARK,526183,1052,SAWYER'S LANDING COMM DEV DIST,FL,"Delinquent ($9,050)",CRA: SE  Overtown/Park West + OZ: 34,3/6,"https://www.google.com/maps/search/?api=1&query=25.780455,-80.198993"
12640 NE 12 AVE,North Miami,MULTIFAMILY 10 UNITS PLUS,521002,1042,OMEGA INVESTORS GROUP LLC,FL,"Delinquent ($18,500)",CRA: North Miami,3/6,"https://www.google.com/maps/search/?api=1&query=25.892169,-80.175587"
5701 SW 72 ST,Cutler Bay,REGIONAL SHOPPING CENTER,516656,1033,SUNSET OPPORTUNITIES B1 LLC,FL,"Delinquent ($8,000)",OZ: 76.03,3/6,"https://www.google.com/maps/search/?api=1&query=25.70575,-80.286229"
4200 NW 167 ST,Miami Gardens,WAREHOUSE TERMINAL OR STG,513327,1026,CAPO & SONS CORP,FL,"Delinquent ($18,500)",OZ: 5.01,3/6,"https://www.google.com/maps/search/?api=1&query=25.923341,-80.270114"
850 NE 2 AVE,Miami,STORE,510504,1021,MWC RETAIL LLC,FL,"Delinquent ($19,550)",CRA: SE  Overtown/Park West,3/6,"https://www.google.com/maps/search/?api=1&query=25.78259,-80.191243"
888 NE 2 AVE,Miami,PARKING LOT/MOBILE HOME PARK,510504,1021,"MWC GARAGE, LLC",FL,"Delinquent ($18,500)",CRA: SE  Overtown/Park West,3/6,"https://www.google.com/maps/search/?api=1&query=25.782513,-80.190995"
15000 BISCAYNE BLVD,Hialeah,EDUCATIONAL/SCIENTIFIC - EX,507198,1014,DEPT OF NATURAL RESOURCES,FL,"Delinquent ($8,000)",OZ: 1.09,3/6,"https://www.google.com/maps/search/?api=1&query=25.911219,-80.141128"
17945 SW 97 AVE,Cutler Bay,MULTIFAMILY 10 UNITS PLUS,504698,1009,FCI PALMETTO BAY LLC,FL,"Delinquent ($18,500)",OZ: 82.08,3/6,"https://www.google.com/maps/search/?api=1&query=25.603176,-80.347817"
7665 NW 19 ST,Miami,INSURANCE COMPANY,499254,998,SPUS7 MIAMI ACC LAND LP,FL,"Delinquent ($8,000)",OZ: 91,3/6,"https://www.google.com/maps/search/?api=1&query=25.791509,-80.319839"
2060 BISCAYNE BLVD,Miami,AUTOMOTIVE OR MARINE,473168,946,2060 BISCAYNE BLVD LLC,FL,"Delinquent ($18,500)",OZ: 27.02,3/6,"https://www.google.com/maps/search/?api=1&query=25.796579,-80.190022"
18224 NW 27 AVE,Miami Gardens,COMMUNITY SHOPPING CENTER,434146,868,GARDENS AND 27 LLC,FL,"Delinquent ($18,500)",CRA: Miami Gardens + OZ: 94,3/6,"https://www.google.com/maps/search/?api=1&query=25.939046,-80.247021"
4 S KROME AVE,Homestead,PARKING LOT/MOBILE HOME PARK,431236,862,CITY OF HOMESTEAD,FL,"Delinquent ($18,500)",CRA: Homestead + OZ: 113,3/6,"https://www.google.com/maps/search/?api=1&query=25.469181,-80.478163"
9500 SW 174 ST,Cutler Bay,MULTIFAMILY 10 UNITS PLUS,428116,856,PALMETTO VENTURE PARTNERS LLC,FL,"Delinquent ($18,500)",OZ: 82.08,3/6,"https://www.google.com/maps/search/?api=1&query=25.607712,-80.345595"
18412 HOMESTEAD AVE,Homestead,MULTIFAMILY 10 UNITS PLUS,426436,852,184 HOLDINGS LLC,FL,"Delinquent ($18,500)",CRA: West Perrine,3/6,"https://www.google.com/maps/search/?api=1&query=25.598133,-80.357442"
240 N MIAMI AVE,Miami,MULTIFAMILY 10 UNITS PLUS,415140,830,GRAND STATION PARTNERS LLC,FL,"Delinquent ($18,500)",CRA: SE  Overtown/Park West,3/6,"https://www.google.com/maps/search/?api=1&query=25.776759,-80.193939"
240 N MIAMI AVE,Miami,MULTIFAMILY 10 UNITS PLUS,415140,830,GRAND STATION PARTNERS LLC,FL,"Delinquent ($18,500)",CRA: SE  Overtown/Park West,3/6,"https://www.google.com/maps/search/?api=1&query=25.776692,-80.193962"
250 NE 25 ST,Miami,MULTIFAMILY 10 UNITS PLUS,414493,828,25 PLAZA CORP,FL,"Delinquent ($8,000)",OZ: 27.02,3/6,"https://www.google.com/maps/search/?api=1&query=25.800632,-80.189862"
5246 NE 2 AVE,Miami,HOSPITAL - PRIVATE,409333,818,MIA JEWISH HOME & HOSP FOR AGED,FL,"Delinquent ($8,000)",OZ: 22.01,3/6,"https://www.google.com/maps/search/?api=1&query=25.823939,-80.192236"
14650 NW 37 AVE,Hialeah,WAREHOUSE TERMINAL OR STG,393572,787,MIAMI-DADE COUNTY,FL,"Delinquent ($13,250)",OZ: 9808,3/6,"https://www.google.com/maps/search/?api=1&query=25.910391,-80.259139"
651 NE 1 AVE,Miami,PARKING LOT/MOBILE HOME PARK,389835,779,MWC GARAGE H LLC,FL,"Delinquent ($18,500)",CRA: SE  Overtown/Park West,3/6,"https://www.google.com/maps/search/?api=1&query=25.780785,-80.191952"
651 NE 1 AVE,Miami,PARKING LOT/MOBILE HOME PARK,389835,779,MWC GARAGE H LLC,FL,"Delinquent ($18,500)",CRA: SE  Overtown/Park West,3/6,"https://www.google.com/maps/search/?api=1&query=25.780927,-80.191189"
4255 NW 156 ST,Hialeah,EDUCATIONAL/SCIENTIFIC - EX,389450,778,FLORIDA MEMORIAL UNIVERSITY INC,FL,"Delinquent ($18,500)",OZ: 5.01,3/6,"https://www.google.com/maps/search/?api=1&query=25.918188,-80.270912"
25850 SW 140 CT,Homestead,MULTIFAMILY 10 UNITS PLUS,382355,764,MUVHOME26 LLC,FL,"Delinquent ($18,500)",CRA: Naranja Expansion,3/6,"https://www.google.com/maps/search/?api=1&query=25.528691,-80.417387"
2200 SOLE MIA SQUARE LN,North Miami,MULTIFAMILY 10 UNITS PLUS,379726,759,SM PARCEL B LLC,FL,"Delinquent ($18,500)",CRA: North Miami + OZ: 1.09,3/6,"https://www.google.com/maps/search/?api=1&query=25.909014,-80.152541"
16165 S DIXIE HWY,Cutler Bay,AUTOMOTIVE OR MARINE,376983,753,SOUTH MOTOR COMPANY OF DADE CO,FL,"Delinquent ($18,500)",OZ: 82.08,3/6,"https://www.google.com/maps/search/?api=1&query=25.619007,-80.344621"
1642 NE 1 AVE,Miami,MIXED USE-STORE/RESIDENTIAL,374672,749,UNI 17TH STREET LLC,FL,"Delinquent ($18,500)",CRA: Omni + OZ: 27.02,3/6,"https://www.google.com/maps/search/?api=1&query=25.791525,-80.192758"
7675 NW 80 TER,Miami,WAREHOUSE TERMINAL OR STG,374086,748,TA PALMETTO LOGISTICS,FL,"Delinquent ($8,000)",OZ: 91,3/6,"https://www.google.com/maps/search/?api=1&query=25.845677,-80.320411"
645 IVES DAIRY RD,Miami Gardens,MULTIFAMILY 10 UNITS PLUS,369472,738,FIFTEEN FLA MULTIFAMILY LLC,FL,"Delinquent ($18,500)",OZ: 98.07,3/6,"https://www.google.com/maps/search/?api=1&query=25.962157,-80.189184"
1691 MICHIGAN AVE,Miami Beach,OFFICE BUILDING - MULTISTORY,363061,726,RK RIVANI LLC LEASEE,FL,"Delinquent ($23,750)",CRA: Miami Beach City Center,3/6,"https://www.google.com/maps/search/?api=1&query=25.791357,-80.138238"
234 NE 79 ST,Miami,MULTIFAMILY 10 UNITS PLUS,361770,723,LUBINS DEVELOPMENT CORP,FL,"Delinquent ($18,500)",OZ: 14.02,3/6,"https://www.google.com/maps/search/?api=1&query=25.846979,-80.192267"
21500 BISCAYNE BLVD,Miami Gardens,OFFICE BUILDING - MULTISTORY,353970,707,OPTIMA INTERNATIONAL LLC,FL,"Delinquent ($8,000)",OZ: 1.34,3/6,"https://www.google.com/maps/search/?api=1&query=25.974362,-80.143727"
7300 NW 19 ST,Miami,OFFICE BUILDING - MULTISTORY,353374,706,SPUS7 MIAMI ACC LAND LP,FL,"Delinquent ($18,500)",OZ: 91,3/6,"https://www.google.com/maps/search/?api=1&query=25.790749,-80.315596"
2500 BISCAYNE BLVD,Miami,MULTIFAMILY 10 UNITS PLUS,351060,702,RESPARK WYNWOOD BAY LLC,FL,"Delinquent ($8,000)",OZ: 27.02,3/6,"https://www.google.com/maps/search/?api=1&query=25.801241,-80.18967"
2201 SOLE MIA SQUARE LN,North Miami,MULTIFAMILY 10 UNITS PLUS,344457,688,SM PARCEL A LLC,FL,"Delinquent ($8,000)",CRA: North Miami + OZ: 1.09,3/6,"https://www.google.com/maps/search/?api=1&query=25.910075,-80.152843"
2115 N MIAMI AVE,Miami,MIXED USE-STORE/RESIDENTIAL,336644,673,PRH N MIAMI LLC,FL,"Delinquent ($8,000)",CRA: Omni,3/6,"https://www.google.com/maps/search/?api=1&query=25.797381,-80.194445"
20401 BISCAYNE BLVD,Miami Gardens,REGIONAL SHOPPING CENTER,328952,657,PROMVENTURE LIMITED PARTNERSHIP,FL,"Delinquent ($18,500)",OZ: 1.34,3/6,"https://www.google.com/maps/search/?api=1&query=25.966041,-80.144703"
5060 NE 2 AVE,Miami,HOSPITAL - PRIVATE,327338,654,MIAMI JEWISH HOME & HOSPITAL,FL,"Delinquent ($18,500)",OZ: 22.01,3/6,"https://www.google.com/maps/search/?api=1&query=25.823231,-80.194601"
23 NE 17 TER,Miami,MULTIFAMILY 10 UNITS PLUS,325757,651,WYNWOOD HAUS LLC,FL,"Delinquent ($18,500)",CRA: Omni + OZ: 27.02,3/6,"https://www.google.com/maps/search/?api=1&query=25.792635,-80.194437"
50 NE 32 ST,Miami,PARKING LOT/MOBILE HOME PARK,324208,648,MIDTOWN MIAMI COMMUNITY DEV,FL,"Delinquent ($19,550)",CRA: Midtown Miami,3/6,"https://www.google.com/maps/search/?api=1&query=25.806548,-80.19401"
162 NE 25 ST,Miami,MULTIFAMILY 10 UNITS PLUS,317572,635,26 PLAZA CORP,FL,"Delinquent ($8,000)",OZ: 27.02,3/6,"https://www.google.com/maps/search/?api=1&query=25.800554,-80.19155"
2900 NW 72 AVE,Miami,WAREHOUSE TERMINAL OR STG,314776,629,MIAMI AIRPORT IND EQUITIES &ETALS,FL,"Delinquent ($8,000)",OZ: 91,3/6,"https://www.google.com/maps/search/?api=1&query=25.802108,-80.313508"
5900 NW 74 AVE,Miami,WAREHOUSE TERMINAL OR STG,314441,628,COSTEX CORPORATION,FL,"Delinquent ($8,000)",OZ: 91,3/6,"https://www.google.com/maps/search/?api=1&query=25.827334,-80.319445"
13720 SW 272 ST,Homestead,MULTIFAMILY 10 UNITS PLUS,313656,627,PSG SOUTH POINTE,FL,"Delinquent ($18,500)",CRA: Naranja,3/6,"https://www.google.com/maps/search/?api=1&query=25.514051,-80.413162"
12851 SW 242 ST,Homestead,MULTIFAMILY 10 UNITS PLUS,313019,626,WINDMILL FARMS ASSOCIATES LLC,FL,"Delinquent ($18,500)",CRA: Naranja Expansion,3/6,"https://www.google.com/maps/search/?api=1&query=25.543033,-80.399565"
2150 N MIAMI AVE,Miami,MIXED USE-STORE/RESIDENTIAL,303688,607,PRH N MIAMI LLC,FL,"Delinquent ($18,500)",CRA: Omni,3/6,"https://www.google.com/maps/search/?api=1&query=25.797899,-80.195425"
225 NE 23 ST,Miami,MULTIFAMILY 10 UNITS PLUS,302988,605,WYNWOOD TOWER APTS LTD,FL,"Delinquent ($18,500)",OZ: 27.02,3/6,"https://www.google.com/maps/search/?api=1&query=25.799703,-80.190456"
12555 NW 27 AVE,Hialeah,MULTIFAMILY 10 UNITS PLUS,302179,604,KINGS TERRACE LLC,FL,"Delinquent ($18,500)",OZ: 4.04,3/6,"https://www.google.com/maps/search/?api=1&query=25.888358,-80.242051"
1901 COLLINS AVE,Miami Beach,HOTEL OR MOTEL,300128,600,SHORE CLUB TRUSTEE LLC TRS,FL,"Delinquent ($8,000)",CRA: Miami Beach City Center,3/6,"https://www.google.com/maps/search/?api=1&query=25.79496,-80.128411"
90 NE 41 ST,Miami,PARKING LOT/MOBILE HOME PARK,296300,592,PARADISE PLAZA ASSOCIATES LLC,FL,"Delinquent ($18,500)",OZ: 22.01,3/6,"https://www.google.com/maps/search/?api=1&query=25.813986,-80.193806"
1373 NW 35 ST,Miami,MULTIFAMILY 10 UNITS PLUS,291988,583,ALLAPATTAH RESIDENTIAL LP,FL,"Delinquent ($18,500)",OZ: 25.01,3/6,"https://www.google.com/maps/search/?api=1&query=25.809265,-80.21948"
20807 BISCAYNE BLVD,Miami Gardens,OFFICE BUILDING - MULTISTORY,290319,580,AVENTURA PROPERTY OWNER LLC,FL,"Delinquent ($8,000)",OZ: 1.34,3/6,"https://www.google.com/maps/search/?api=1&query=25.968773,-80.142022"
610 NW 60 ST,Miami,MULTIFAMILY 10 UNITS PLUS,275769,551,TACOLCY EDISON GARDENS LLC,FL,"Delinquent ($8,000)",OZ: 19.01,3/6,"https://www.google.com/maps/search/?api=1&query=25.829741,-80.206628"
19495 BISCAYNE BLVD,Miami Gardens,OFFICE BUILDING - MULTISTORY,272392,544,OTP CAPITAL LLC,FL,"Delinquent ($8,000)",OZ: 1.34,3/6,"https://www.google.com/maps/search/?api=1&query=25.955658,-80.145863"
15000 SW 272 ST,Homestead,MULTIFAMILY 10 UNITS PLUS,269238,538,AMBAR TRAIL LTD,FL,"Delinquent ($18,500)",CRA: Naranja Expansion,3/6,"https://www.google.com/maps/search/?api=1&query=25.513799,-80.434264"
2340 COLLINS AVE,Miami Beach,OFFICE BUILDING - MULTISTORY,266786,533,NORTH BAY OWNER LLC,FL,"Delinquent ($8,000)",CRA: Miami Beach City Center,3/6,"https://www.google.com/maps/search/?api=1&query=25.799065,-80.128273"
180 NE 39 ST,Miami,COMMUNITY SHOPPING CENTER,264272,528,OAK PLAZA ASSOCIATES (DEL) LLC,FL,"Delinquent ($8,000)",OZ: 22.01,3/6,"https://www.google.com/maps/search/?api=1&query=25.812191,-80.192055"
1551 NE 167 ST,North Miami Beach,MULTIFAMILY 10 UNITS PLUS,264056,528,GRAND ISLAND SQUARE LLC,FL,"Delinquent ($18,500)",CRA: North Miami Beach,3/6,"https://www.google.com/maps/search/?api=1&query=25.929833,-80.16927"
1550 COLLINS AVE,Miami Beach,MIXED USE-STORE/RESIDENTIAL,261800,523,CITY OF MIAMI BEACH,FL,"Delinquent ($18,500)",CRA: Miami Beach City Center,3/6,"https://www.google.com/maps/search/?api=1&query=25.788943,-80.130725"
408 LINCOLN RD,Miami Beach,OFFICE BUILDING - MULTISTORY,256729,513,420 LINCOLN RD ASSOCIATES LTD,FL,"Delinquent ($8,000)",CRA: Miami Beach City Center,3/6,"https://www.google.com/maps/search/?api=1&query=25.790231,-80.132491"
13700 SW 256 ST,Homestead,MULTIFAMILY 10 UNITS PLUS,256176,512,BIG SOPHIA FL LLC,FL,"Delinquent ($18,500)",CRA: Naranja Expansion,3/6,"https://www.google.com/maps/search/?api=1&query=25.528329,-80.413332"
5600 NE 4 AVE,Miami,MULTIFAMILY 10 UNITS PLUS,253478,506,PINNACLE PLACE LTD,FL,"Delinquent ($18,500)",OZ: 20.04,3/6,"https://www.google.com/maps/search/?api=1&query=25.827649,-80.188366"
27077 S FEDERAL HWY,Homestead,MULTIFAMILY 10 UNITS PLUS,253088,506,RICHMAN SOUTH MIAMI DEVELOPMENT,FL,"Delinquent ($18,500)",CRA: Naranja,3/6,"https://www.google.com/maps/search/?api=1&query=25.514965,-80.429605"
7600 NW 19 ST,Miami,OFFICE BUILDING - MULTISTORY,252907,505,SPUS7 MIAMI ACC LAND LP,FL,"Delinquent ($18,500)",OZ: 91,3/6,"https://www.google.com/maps/search/?api=1&query=25.791035,-80.319177"
16051 S DIXIE HWY,Cutler Bay,COMMUNITY SHOPPING CENTER,251016,502,EYP SOUTH DADE LLC,FL,"Delinquent ($18,500)",OZ: 82.08,3/6,"https://www.google.com/maps/search/?api=1&query=25.621482,-80.34264"
1 LINCOLN RD HOTEL,Miami Beach,HOTEL OR MOTEL,250000,500,DI LIDO BEACH HOTEL CORP,FL,"Delinquent ($18,500)",CRA: Miami Beach City Center,3/6,"https://www.google.com/maps/search/?api=1&query=25.791438,-80.129019"
14570 SW 280 ST,Homestead,MULTIFAMILY 10 UNITS PLUS,249509,499,VILLA CAPRI ASSOCIATES LTD,FL,"Delinquent ($23,750)",CRA: Naranja,3/6,"https://www.google.com/maps/search/?api=1&query=25.505712,-80.427181"
825 NW 5 AVE,Florida City,MULTIFAMILY 10 UNITS PLUS,245349,490,SOLIMAR ASSOCIATES LTD,FL,"Delinquent ($18,500)",CRA: Florida City + OZ: 113,3/6,"https://www.google.com/maps/search/?api=1&query=25.457965,-80.481965"
7901 NW 7 AVE,Miami,MULTIFAMILY 10 UNITS PLUS,242558,485,PINNACLE PARK LTD,FL,"Delinquent ($18,500)",OZ: 10.02,3/6,"https://www.google.com/maps/search/?api=1&query=25.84721,-80.208645"
350 NW 1 AVE,Miami,STORE,241508,483,DTS DT RETAIL LLC,FL,"Delinquent ($8,000)",CRA: SE  Overtown/Park West,3/6,"https://www.google.com/maps/search/?api=1&query=25.780156,-80.195627"
350 NW 1 AVE,Miami,STORE,241508,483,DTS DT RETAIL LLC,FL,"Delinquent ($8,000)",CRA: SE  Overtown/Park West,3/6,"https://www.google.com/maps/search/?api=1&query=25.777388,-80.195807"
350 NW 1 AVE,Miami,STORE,241508,483,DTS DT RETAIL LLC,FL,"Delinquent ($8,000)",CRA: SE  Overtown/Park West,3/6,"https://www.google.com/maps/search/?api=1&query=25.777612,-80.195625"
350 NW 1 AVE,Miami,STORE,241508,483,DTS DT RETAIL LLC,FL,"Delinquent ($8,000)",CRA: SE  Overtown/Park West,3/6,"https://www.google.com/maps/search/?api=1&query=25.778053,-80.195554"
350 NW 1 AVE,Miami,STORE,241508,483,DTS DT RETAIL LLC,FL,"Delinquent ($8,000)",CRA: SE  Overtown/Park West,3/6,"https://www.google.com/maps/search/?api=1&query=25.778235,-80.195876"
350 NW 1 AVE,Miami,STORE,241508,483,DTS DT RETAIL LLC,FL,"Delinquent ($8,000)",CRA: SE  Overtown/Park West,3/6,"https://www.google.com/maps/search/?api=1&query=25.778234,-80.195782"
350 NW 1 AVE,Miami,STORE,241508,483,DTS DT RETAIL LLC,FL,"Delinquent ($8,000)",CRA: SE  Overtown/Park West,3/6,"https://www.google.com/maps/search/?api=1&query=25.778144,-80.195625"
350 NW 1 AVE,Miami,STORE,241508,483,DTS DT RETAIL LLC,FL,"Delinquent ($8,000)",CRA: SE  Overtown/Park West,3/6,"https://www.google.com/maps/search/?api=1&query=25.778606,-80.195729"
350 NW 1 AVE,Miami,STORE,241508,483,DTS DT RETAIL LLC,FL,"Delinquent ($8,000)",CRA: SE  Overtown/Park West,3/6,"https://www.google.com/maps/search/?api=1&query=25.779238,-80.19599"
350 NW 1 AVE,Miami,STORE,241508,483,DTS DT RETAIL LLC,FL,"Delinquent ($8,000)",CRA: SE  Overtown/Park West,3/6,"https://www.google.com/maps/search/?api=1&query=25.779264,-80.195889"
350 NW 1 AVE,Miami,STORE,241508,483,DTS DT RETAIL LLC,FL,"Delinquent ($8,000)",CRA: SE  Overtown/Park West,3/6,"https://www.google.com/maps/search/?api=1&query=25.779727,-80.195998"
350 NW 1 AVE,Miami,STORE,241508,483,DTS DT RETAIL LLC,FL,"Delinquent ($8,000)",CRA: SE  Overtown/Park West,3/6,"https://www.google.com/maps/search/?api=1&query=25.779231,-80.195729"
350 NW 1 AVE,Miami,STORE,241508,483,DTS DT RETAIL LLC,FL,"Delinquent ($8,000)",CRA: SE  Overtown/Park West,3/6,"https://www.google.com/maps/search/?api=1&query=25.78037,-80.195852"
350 NW 1 AVE,Miami,STORE,241508,483,DTS DT RETAIL LLC,FL,"Delinquent ($8,000)",CRA: SE  Overtown/Park West,3/6,"https://www.google.com/maps/search/?api=1&query=25.780433,-80.195961"
350 NW 1 AVE,Miami,STORE,241508,483,DTS DT RETAIL LLC,FL,"Delinquent ($8,000)",CRA: SE  Overtown/Park West,3/6,"https://www.google.com/maps/search/?api=1&query=25.780557,-80.195731"
5725 NW 2 AVE,Miami,MULTIFAMILY 10 UNITS PLUS,236193,472,BRM SOUTHEAST LAND HOLDINGS LLC,FL,"Delinquent ($18,500)",OZ: 20.03,3/6,"https://www.google.com/maps/search/?api=1&query=25.828177,-80.199943"
20801 BISCAYNE BLVD,Miami Gardens,OFFICE BUILDING - MULTISTORY,235123,470,AVENTURA PROPERTY OWNER LLC,FL,"Delinquent ($18,500)",OZ: 1.34,3/6,"https://www.google.com/maps/search/?api=1&query=25.968072,-80.143509"
3800 NE 1 AVE,Miami,MIXED USE-STORE/RESIDENTIAL,234771,469,OAK PLAZA ASSOCIATES DEL LLC,FL,"Delinquent ($8,000)",OZ: 22.01,3/6,"https://www.google.com/maps/search/?api=1&query=25.812055,-80.193959"
5900 NW 7 AVE,Miami,MULTIFAMILY 10 UNITS PLUS,234197,468,TACOLCY TUSCANY COVE I LLLP,FL,"Delinquent ($18,500)",OZ: 19.01,3/6,"https://www.google.com/maps/search/?api=1&query=25.830128,-80.209035"
135 NE 20 TER,Miami,AUTOMOTIVE OR MARINE,228529,457,BRAMAN LEIBOWITZ SERVICE AND,FL,"Delinquent ($8,000)",OZ: 27.02,3/6,"https://www.google.com/maps/search/?api=1&query=25.796631,-80.192073"
1600 NE 135 ST,North Miami,MULTIFAMILY 10 UNITS PLUS,228242,456,FOREST PLACE LLC,FL,"Delinquent ($8,000)",CRA: North Miami + OZ: 2.20,3/6,"https://www.google.com/maps/search/?api=1&query=25.899818,-80.16613"
26210 PARKER AVE,Homestead,MULTIFAMILY 10 UNITS PLUS,227738,455,27077 SFH LLC,FL,"Delinquent ($18,500)",CRA: Naranja Expansion,3/6,"https://www.google.com/maps/search/?api=1&query=25.523205,-80.422764"
14155 SW 288 ST,Homestead,MULTIFAMILY 10 UNITS PLUS,225691,451,BISCAYNE DRIVE LLC,FL,"Delinquent ($18,500)",CRA: Naranja,3/6,"https://www.google.com/maps/search/?api=1&query=25.500664,-80.419859"
1781 NW 23 TER,Miami,MULTIFAMILY 10 UNITS PLUS,224852,449,THE YOUNG MENS CHRISTIAN,FL,"Delinquent ($18,500)",OZ: 24.02,3/6,"https://www.google.com/maps/search/?api=1&query=25.799172,-80.224784"
6910 NW 12 ST,Miami,WAREHOUSE TERMINAL OR STG,221399,442,AJA PROPERTIES NO 8 LTD,FL,"Delinquent ($8,000)",OZ: 91,3/6,"https://www.google.com/maps/search/?api=1&query=25.782503,-80.309858"
755 NW 67 ST,Miami,MULTIFAMILY 10 UNITS PLUS,217875,435,THE VILLAGE MIAMI LLC,FL,"Delinquent ($18,500)",OZ: 19.01,3/6,"https://www.google.com/maps/search/?api=1&query=25.837015,-80.210148"
3325 NW 62 ST,Miami,FOOD PROCESSING,216109,432,TRUJILLO BROTHERS OF MIAMI DADE,FL,"Delinquent ($18,500)",OZ: 9.03,3/6,"https://www.google.com/maps/search/?api=1&query=25.831471,-80.252363"
3520 NW 72 AVE,Miami,WAREHOUSE TERMINAL OR STG,213456,426,WHITEFIELD & BLOOM CO,FL,"Delinquent ($18,500)",OZ: 91,3/6,"https://www.google.com/maps/search/?api=1&query=25.806971,-80.314136"
1470 NW 36 ST,Miami,MULTIFAMILY 10 UNITS PLUS,213189,426,TCG ALLAPATTAH 14 LLC,FL,"Delinquent ($8,000)",OZ: 25.01,3/6,"https://www.google.com/maps/search/?api=1&query=25.809335,-80.221213"
1657 N MIAMI AVE,Miami,MULTIFAMILY 10 UNITS PLUS,210658,421,FSL DEVELOPMENT LLC,FL,"Delinquent ($18,500)",CRA: Omni + OZ: 27.02,3/6,"https://www.google.com/maps/search/?api=1&query=25.791475,-80.194239"
120 NE 8 ST,Homestead,COMMUNITY SHOPPING CENTER,208951,417,SARRIA HOLDINGS IV INC,FL,"Delinquent ($8,000)",CRA: Homestead + OZ: 111.01,3/6,"https://www.google.com/maps/search/?api=1&query=25.476267,-80.472543"
7924 NE 2 AVE,Miami,HOTEL OR MOTEL,208527,417,MD 79TH HOLDING LLC,FL,"Delinquent ($18,500)",OZ: 14.02,3/6,"https://www.google.com/maps/search/?api=1&query=25.848191,-80.193366"
4141 NE 2 AVE,Miami,MIXED USE-STORE/RESIDENTIAL,207948,415,DACRA DESIGN 4141 LLC,FL,"Delinquent ($18,500)",OZ: 22.01,3/6,"https://www.google.com/maps/search/?api=1&query=25.814506,-80.190904"
26655 SW 142 AVE,Homestead,MULTIFAMILY 10 UNITS PLUS,201678,403,HARBOUR SPRINGS,FL,"Delinquent ($18,500)",CRA: Naranja Expansion,3/6,"https://www.google.com/maps/search/?api=1&query=25.519427,-80.42037"
1400 NW 54 ST,Miami,MULTIFAMILY 10 UNITS PLUS,200793,401,C4 GATEWAY LLC,FL,"Delinquent ($18,500)",OZ: 19.04,3/6,"https://www.google.com/maps/search/?api=1&query=25.8243,-80.220836"
10362 SW 212 ST,Homestead,MULTIFAMILY 10 UNITS PLUS,200048,400,CUTLER HAMMOCK PRESERVATION LP,FL,"Delinquent ($18,500)",OZ: 106.09,3/6,"https://www.google.com/maps/search/?api=1&query=25.56816,-80.358962"
14301 SW 268 ST,Homestead,MULTIFAMILY 10 UNITS PLUS,199350,398,THE LANDINGS AT CORAL TOWN,FL,"Delinquent ($18,500)",CRA: Naranja Expansion,3/6,"https://www.google.com/maps/search/?api=1&query=25.518346,-80.423268"
5700 NW 37 AVE,Miami,WAREHOUSE TERMINAL OR STG,196766,393,PERRINE MARLIN INC,FL,"Delinquent ($18,500)",OZ: 17.01,3/6,"https://www.google.com/maps/search/?api=1&query=25.827383,-80.258431"
8300 NE 1 PL,Hialeah,MULTIFAMILY 10 UNITS PLUS,196744,393,PINNACLE SQUARE LTD,FL,"Delinquent ($8,000)",OZ: 14.02,3/6,"https://www.google.com/maps/search/?api=1&query=25.85177,-80.194113"
1155 NE 137 ST,North Miami,MULTIFAMILY 10 UNITS PLUS,193949,387,WEST DIXIE TOWERS INC,FL,"Delinquent ($18,500)",CRA: North Miami,3/6,"https://www.google.com/maps/search/?api=1&query=25.902419,-80.175813"
340 23 ST,Miami Beach,AUTOMOTIVE OR MARINE,193330,386,CITY OF MIAMI BEACH,FL,"Delinquent ($8,000)",CRA: Miami Beach City Center,3/6,"https://www.google.com/maps/search/?api=1&query=25.798698,-80.129802"
2401 NW 69 ST,Miami,WAREHOUSE TERMINAL OR STG,192866,385,RLF I C SPE LLC,FL,"Delinquent ($18,500)",CRA: NW 79th Street + OZ: 15.02,3/6,"https://www.google.com/maps/search/?api=1&query=25.837916,-80.238236"
5035 NE 2 AVE,Miami,MULTIFAMILY 10 UNITS PLUS,190523,381,SPV J AND S NV LLC,FL,"Delinquent ($8,000)",OZ: 22.01,3/6,"https://www.google.com/maps/search/?api=1&query=25.824065,-80.189379"
5255 NW 159 ST,Hialeah,WAREHOUSE TERMINAL OR STG,190397,380,AG RC III PALMETTO LAKES,FL,"Delinquent ($8,000)",OZ: 5.01,3/6,"https://www.google.com/maps/search/?api=1&query=25.91903,-80.285365"
13701 SW 270 ST,Homestead,MULTIFAMILY 10 UNITS PLUS,190384,380,HIDDEN GROVE HOUSING L P,FL,"Delinquent ($18,500)",CRA: Naranja,3/6,"https://www.google.com/maps/search/?api=1&query=25.515481,-80.415135"
19950 W COUNTRY CLUB DR,Miami Gardens,OFFICE BUILDING - MULTISTORY,189679,379,CABI AVENTURA OFFICES LLC,FL,"Delinquent ($8,000)",OZ: 1.34,3/6,"https://www.google.com/maps/search/?api=1&query=25.960445,-80.139972"
13105 SW 248 ST,Homestead,MULTIFAMILY 10 UNITS PLUS,189008,378,HTG PRINCETON PARK LLC,FL,"Delinquent ($18,500)",CRA: Naranja Expansion,3/6,"https://www.google.com/maps/search/?api=1&query=25.53856,-80.405578"
4400 NW 74 AVE,Miami,LIGHT MANUFACTURING,187860,375,F A M WAREHOUSE CORP,FL,"Delinquent ($18,500)",OZ: 91,3/6,"https://www.google.com/maps/search/?api=1&query=25.814887,-80.319148"
1698 ALTON RD,Miami Beach,MIXED USE-STORE/RESIDENTIAL,184875,369,1698 ALTON ROAD VENTURES LLC,FL,"Delinquent ($8,000)",CRA: Miami Beach City Center,3/6,"https://www.google.com/maps/search/?api=1&query=25.791867,-80.141511"
1977 NE 8 ST,Miami-Dade County,WAREHOUSE TERMINAL OR STG,184419,368,STOR ALL NE 8TH STREET LLC,FL,"Delinquent ($18,500)",OZ: 110.01,3/6,"https://www.google.com/maps/search/?api=1&query=25.478242,-80.451266"
13735 SW 262 ST,Homestead,MULTIFAMILY 10 UNITS PLUS,184135,368,THE AVENUE AT NARANJA LLC,FL,"Delinquent ($8,000)",CRA: Naranja Expansion,3/6,"https://www.google.com/maps/search/?api=1&query=25.524251,-80.413651"
14381 SW 268 ST,Homestead,MULTIFAMILY 10 UNITS PLUS,183633,367,THE HEIGHTS AT CORAL TOWN PRK LLC,FL,"Delinquent ($18,500)",CRA: Naranja Expansion,3/6,"https://www.google.com/maps/search/?api=1&query=25.519194,-80.424468"
8600 NW S RIVER DR,Hialeah,LIGHT MANUFACTURING,182379,364,WMG MEDLEY OWNER LLC,FL,"Delinquent ($8,000)",OZ: 91,3/6,"https://www.google.com/maps/search/?api=1&query=25.850742,-80.32083"
24101 S DIXIE HWY,Homestead,MULTIFAMILY 10 UNITS PLUS,180872,361,PINE GROVE APTS LLC,FL,"Delinquent ($18,500)",CRA: Naranja Expansion,3/6,"https://www.google.com/maps/search/?api=1&query=25.542438,-80.403182"
222 NE 25 ST,Miami,MULTIFAMILY 10 UNITS PLUS,180646,361,SECOND PLAZA CORP,FL,"Delinquent ($18,500)",OZ: 27.02,3/6,"https://www.google.com/maps/search/?api=1&query=25.800542,-80.19074"
14408 SW 280 ST,Homestead,MULTIFAMILY 10 UNITS PLUS,179600,359,VILLA CAPRI II ASSOCIATES LTD,FL,"Delinquent ($18,500)",CRA: Naranja,3/6,"https://www.google.com/maps/search/?api=1&query=25.504502,-80.425325"
151 NE 41 ST,Miami,COMMUNITY SHOPPING CENTER,179418,358,PARADISE PLAZA ASSOCIATES LLC,FL,"Delinquent ($18,500)",OZ: 22.01,3/6,"https://www.google.com/maps/search/?api=1&query=25.814383,-80.193062"
1000 NW 1 AVE,Miami,MULTIFAMILY 10 UNITS PLUS,179072,358,ARK DEVELOPMENT/OVERTOWN I LLC,FL,"Delinquent ($8,000)",CRA: SE  Overtown/Park West + OZ: 34,3/6,"https://www.google.com/maps/search/?api=1&query=25.783913,-80.196584"
2750 W 68 ST,Hialeah,COMMUNITY SHOPPING CENTER,178500,357,SARRIA HOLDINGS INC,FL,"Delinquent ($18,500)",OZ: 134,3/6,"https://www.google.com/maps/search/?api=1&query=25.882975,-80.338433"
2035 N MIAMI AVE,Miami,MULTIFAMILY 10 UNITS PLUS,178429,356,WYNWOOD WORKS LLC,FL,"Delinquent ($18,500)",CRA: Omni,3/6,"https://www.google.com/maps/search/?api=1&query=25.796312,-80.194644"
1595 NE 135 ST,North Miami,MULTIFAMILY 10 UNITS PLUS,177771,355,PAUL FELDMAN PA TRS,FL,"Delinquent ($8,000)",CRA: North Miami,3/6,"https://www.google.com/maps/search/?api=1&query=25.900612,-80.167212"
2920 NE 207 ST,Miami Gardens,PARKING LOT/MOBILE HOME PARK,177699,355,PARKSQUARE GARAGE LLC,FL,"Delinquent ($8,000)",OZ: 1.34,3/6,"https://www.google.com/maps/search/?api=1&query=25.966452,-80.142889"
2920 NE 207 ST,Miami Gardens,PARKING LOT/MOBILE HOME PARK,177699,355,PARKSQUARE GARAGE LLC,FL,"Delinquent ($8,000)",OZ: 1.34,3/6,"https://www.google.com/maps/search/?api=1&query=25.966595,-80.143306"
2920 NE 207 ST,Miami Gardens,PARKING LOT/MOBILE HOME PARK,177699,355,PARKSQUARE GARAGE LLC,FL,"Delinquent ($8,000)",OZ: 1.34,3/6,"https://www.google.com/maps/search/?api=1&query=25.966685,-80.142783"
4775 NW 157 ST,Hialeah,WAREHOUSE TERMINAL OR STG,176052,352,PALMETTO LAKES INVESTORS LLC,FL,"Delinquent ($18,500)",OZ: 5.01,3/6,"https://www.google.com/maps/search/?api=1&query=25.91709,-80.277537"
21343 NW 2 AVE,Miami Gardens,REGIONAL SHOPPING CENTER,174670,349,COUNTY LINE CENTER LLC,FL,"Delinquent ($18,500)",OZ: 98.07,3/6,"https://www.google.com/maps/search/?api=1&query=25.971738,-80.204146"
3555 NW 77 AVE,Miami,WAREHOUSE TERMINAL OR STG,171223,342,THE E T FAMILY PARTNERSHIP,FL,"Delinquent ($19,550)",OZ: 91,3/6,"https://www.google.com/maps/search/?api=1&query=25.805212,-80.319991"
21600 SW 104 CT,Homestead,MULTIFAMILY 10 UNITS PLUS,170958,341,CUTLER RIVERSIDE PRESERVATION LP,FL,"Delinquent ($18,500)",OZ: 106.09,3/6,"https://www.google.com/maps/search/?api=1&query=25.565203,-80.361192"
15455 W DIXIE HWY,Hialeah,WAREHOUSE TERMINAL OR STG,170932,341,NO MIAMI BEACH,FL,"Delinquent ($18,500)",OZ: 2.06,3/6,"https://www.google.com/maps/search/?api=1&query=25.917657,-80.159826"
7100 NW 37 AVE,Miami,PACKING PLANT,166162,332,OMNI REALTY INC,FL,"Delinquent ($18,500)",OZ: 9.03,3/6,"https://www.google.com/maps/search/?api=1&query=25.839071,-80.258433"
24205 SW 127 PL,Homestead,MULTIFAMILY 10 UNITS PLUS,165300,330,PRINCETON LANDINGS LLC,FL,"Delinquent ($18,500)",CRA: Naranja Expansion,3/6,"https://www.google.com/maps/search/?api=1&query=25.541219,-80.39755"
17650 CLEVELAND AVE,Cutler Bay,WAREHOUSE TERMINAL OR STG,164639,329,PALMETTO BAY STORAGE,FL,"Delinquent ($18,500)",CRA: West Perrine + OZ: 83.09,3/6,"https://www.google.com/maps/search/?api=1&query=25.605586,-80.352053"
4320 NW 167 ST,Miami Gardens,STORE,164445,328,EYP MIAMI LLC,FL,"Delinquent ($18,500)",OZ: 5.01,3/6,"https://www.google.com/maps/search/?api=1&query=25.924139,-80.272614"
1601 DREXEL AVE,Miami Beach,MIXED USE-STORE/RESIDENTIAL,164126,328,420 LINCOLN ROAD DEVELOPMENT LLC,FL,"Delinquent ($8,000)",CRA: Miami Beach City Center,3/6,"https://www.google.com/maps/search/?api=1&query=25.789502,-80.132721"
10701 SW 211 ST,Homestead,AUTOMOTIVE OR MARINE,164009,328,BIJ MOTORS CUTLER BAY LLC,FL,"Delinquent ($18,500)",OZ: 106.09,3/6,"https://www.google.com/maps/search/?api=1&query=25.573128,-80.365439"
2801 NW 74 AVE,Miami,WAREHOUSE TERMINAL OR STG,163375,326,NEW WORLD TRADE CTR II,FL,"Delinquent ($8,000)",OZ: 91,3/6,"https://www.google.com/maps/search/?api=1&query=25.799186,-80.315811"
1156 NW 79 ST,Miami,MULTIFAMILY 10 UNITS PLUS,162923,325,SUNSET POINTE ASSOCIATES LTD,FL,"Delinquent ($18,500)",CRA: NW 79th Street + OZ: 10.04,3/6,"https://www.google.com/maps/search/?api=1&query=25.845777,-80.21632"
975 NW 95 ST,Hialeah,EDUCATIONAL/SCIENTIFIC - EX,161909,323,ADES FAMILY FOUNDATION INC,FL,"Delinquent ($18,500)",OZ: 4.08,3/6,"https://www.google.com/maps/search/?api=1&query=25.862269,-80.212529"
29003 S DIXIE HWY,Miami-Dade County,MULTIFAMILY 10 UNITS PLUS,161053,322,FAIR OAKS LLC,FL,"Delinquent ($8,000)",CRA: Naranja Expansion,3/6,"https://www.google.com/maps/search/?api=1&query=25.497061,-80.447951"
18275 SW 98 AVENUE RD,Cutler Bay,MULTIFAMILY 10 UNITS PLUS,161012,322,PALMETTO BAY TH LLC,FL,"Delinquent ($18,500)",OZ: 82.08,3/6,"https://www.google.com/maps/search/?api=1&query=25.600498,-80.350852"
18096 SW 107 AVE,Cutler Bay,MULTIFAMILY 10 UNITS PLUS,160220,320,CENTERRA ASSOC LTD,FL,"Delinquent ($18,500)",CRA: West Perrine,3/6,"https://www.google.com/maps/search/?api=1&query=25.601218,-80.366772"
4800 NW 37 AVE,Miami,LIGHT MANUFACTURING,159535,319,FACTORY TOWN HOLDINGS LLC,FL,"Delinquent ($8,000)",OZ: 17.01,3/6,"https://www.google.com/maps/search/?api=1&query=25.817949,-80.257729"
1500 E MOWRY DR,Miami-Dade County,MULTIFAMILY 10 UNITS PLUS,158116,316,COLONY LK PRESERVATION L P,FL,"Delinquent ($18,500)",OZ: 110.01,3/6,"https://www.google.com/maps/search/?api=1&query=25.468525,-80.456235"
1201 NW 3 AVE,Miami,MULTIFAMILY 10 UNITS PLUS,158005,316,ISLAND LIVING APARTMENTS LTD,FL,"Delinquent ($8,000)",CRA: SE  Overtown/Park West + OZ: 34,3/6,"https://www.google.com/maps/search/?api=1&query=25.786074,-80.199598"
3775 NW 77 ST,Miami,WAREHOUSE TERMINAL OR STG,157002,314,LAPARKAN TRADING LTD,FL,"Delinquent ($18,500)",OZ: 9.03,3/6,"https://www.google.com/maps/search/?api=1&query=25.843397,-80.259042"
2060 NE 2 AVE,Miami,AUTOMOTIVE OR MARINE,156376,312,2060 NE 2ND AVENUE LLC,FL,"Delinquent ($8,000)",OZ: 27.02,3/6,"https://www.google.com/maps/search/?api=1&query=25.796662,-80.191194"
3250 NW 65 ST,Miami,WAREHOUSE TERMINAL OR STG,155070,310,TRUJILLO BROTHERS OF,FL,"Delinquent ($18,500)",OZ: 9.03,3/6,"https://www.google.com/maps/search/?api=1&query=25.832836,-80.250553"
5660 NW 167 ST,Miami Gardens,STORE,154595,309,DORSAN DEV LTD,FL,"Delinquent ($18,500)",OZ: 5.01,3/6,"https://www.google.com/maps/search/?api=1&query=25.923399,-80.291226"
25851 S DIXIE HWY,Homestead,MULTIFAMILY 10 UNITS PLUS,153818,307,CORAL BAY COVE LLC,FL,"Delinquent ($8,000)",CRA: Naranja Expansion,3/6,"https://www.google.com/maps/search/?api=1&query=25.526025,-80.419861"
501 NW 5 AVE,Miami-Dade County,MULTIFAMILY 10 UNITS PLUS,153483,306,RIVER OAKS PARTNERS LTD,FL,"Delinquent ($8,000)",OZ: 114.03,3/6,"https://www.google.com/maps/search/?api=1&query=25.452815,-80.482019"
1177 NW 81 ST,Miami,PACKING PLANT,152809,305,JACOB FLEISHMAN & SONS INC,FL,"Delinquent ($18,500)",OZ: 10.02,3/6,"https://www.google.com/maps/search/?api=1&query=25.849533,-80.21672"
26760 SW 142 AVE,Homestead,MULTIFAMILY 10 UNITS PLUS,150909,301,TOWER ROAD GARDENS LTD,FL,"Delinquent ($18,500)",CRA: Naranja Expansion,3/6,"https://www.google.com/maps/search/?api=1&query=25.518546,-80.42169"
14585 BISCAYNE BLVD,Hialeah,WHOLESALE OUTLET,149946,299,OLETA PARTNERS BISCAYNE,FL,"Delinquent ($18,500)",OZ: 1.09,3/6,"https://www.google.com/maps/search/?api=1&query=25.909492,-80.156307"
3000 BISCAYNE BLVD,Miami,OFFICE BUILDING - MULTISTORY,149739,299,3050 BISCAYNE PROPERTIES LLC,FL,"Delinquent ($18,500)",OZ: 27.02,3/6,"https://www.google.com/maps/search/?api=1&query=25.805762,-80.190115"
21288 BISCAYNE BLVD,Miami Gardens,WAREHOUSE TERMINAL OR STG,149522,299,PUBLIC STORAGE PROPERTIES VI INC,FL,"Delinquent ($8,000)",OZ: 1.34,3/6,"https://www.google.com/maps/search/?api=1&query=25.971909,-80.144317"
2410 NW 185 TER,Miami Gardens,MULTIFAMILY 10 UNITS PLUS,149071,298,PELICAN COVE ASSOCIATES LTD,FL,"Delinquent ($18,500)",CRA: Miami Gardens,3/6,"https://www.google.com/maps/search/?api=1&query=25.943526,-80.243032"
2360 COLLINS AVE,Miami Beach,HOTEL OR MOTEL,148514,297,DEAN MB PROPCO LLC,FL,"Delinquent ($18,500)",CRA: Miami Beach City Center,3/6,"https://www.google.com/maps/search/?api=1&query=25.799845,-80.127839"
15100 SW 272 ST,Homestead,MULTIFAMILY 10 UNITS PLUS,148228,296,AMBAR TRAIL LTD,FL,"Delinquent ($8,000)",CRA: Naranja Expansion,3/6,"https://www.google.com/maps/search/?api=1&query=25.512932,-80.435819"
3455 NW 54 ST,Miami,WAREHOUSE TERMINAL OR STG,147767,295,WSLP SEABOARD OWNER IX L P,FL,"Delinquent ($8,000)",OZ: 17.01,3/6,"https://www.google.com/maps/search/?api=1&query=25.8241,-80.252293"
2800 NW 72 AVE,Miami,WAREHOUSE TERMINAL OR STG,147149,294,MIAMI AIRPORT IND EQUITIES &ETALS,FL,"Delinquent ($8,000)",OZ: 91,3/6,"https://www.google.com/maps/search/?api=1&query=25.799811,-80.314079"
2545 NW 20 ST,Miami,WAREHOUSE TERMINAL OR STG,146770,293,ACORN MINI STORAGE OF MIAMI LLC,FL,"Delinquent ($18,500)",OZ: 24.02,3/6,"https://www.google.com/maps/search/?api=1&query=25.795031,-80.23809"
20507 S DIXIE HWY,Homestead,COMMUNITY SHOPPING CENTER,146658,293,BH RETAIL SOUTH DIXIE LLC,FL,"Delinquent ($18,500)",OZ: 106.09,3/6,"https://www.google.com/maps/search/?api=1&query=25.572428,-80.369733"
1776 BISCAYNE BLVD,Miami,SUPERMARKET,146599,293,S BISCAYNE LLC,FL,"Delinquent ($18,500)",CRA: Omni + OZ: 27.02,3/6,"https://www.google.com/maps/search/?api=1&query=25.793058,-80.189422"
2350 NW 54 ST,Miami,MULTIFAMILY 10 UNITS PLUS,145627,291,EHDOC PEPPER TOWERS LIMITED,FL,"Delinquent ($8,000)",OZ: 18.03,3/6,"https://www.google.com/maps/search/?api=1&query=25.823725,-80.235219"
19900 W COUNTRY CLUB DR,Miami Gardens,HOTEL OR MOTEL,145250,290,N SITE FEE OWNER LLC (FEE),FL,"Delinquent ($18,500)",OZ: 1.34,3/6,"https://www.google.com/maps/search/?api=1&query=25.959748,-80.139983"
1150 NW 72 AVE,Miami,OFFICE BUILDING - MULTISTORY,145061,290,ZEREP TOWERS LLC,FL,"Delinquent ($18,500)",OZ: 91,3/6,"https://www.google.com/maps/search/?api=1&query=25.782197,-80.313062"
10471 SW 216 ST,Homestead,MULTIFAMILY 10 UNITS PLUS,144629,289,CUTLER VISTA HOUSING L P,FL,"Delinquent ($8,000)",OZ: 106.09,3/6,"https://www.google.com/maps/search/?api=1&query=25.568741,-80.360549"
6101 SUNSET DR,Cutler Bay,MULTIFAMILY 10 UNITS PLUS,144130,288,METRO SOUTH SENIOR APARTMENTS LP,FL,"Delinquent ($18,500)",OZ: 76.03,3/6,"https://www.google.com/maps/search/?api=1&query=25.704658,-80.292249"
1551 NW 36 ST,Miami,MULTIFAMILY 10 UNITS PLUS,144066,288,FRIENDSHIP TOWER LTD,FL,"Delinquent ($8,000)",OZ: 25.02,3/6,"https://www.google.com/maps/search/?api=1&query=25.810038,-80.222164"
3510 BISCAYNE BLVD,Miami,OFFICE BUILDING - MULTISTORY,142926,285,CRC COMMUNITY SUPPORT,FL,"Delinquent ($18,500)",OZ: 27.02,3/6,"https://www.google.com/maps/search/?api=1&query=25.809589,-80.189894"
15302 SW 282 ST,Homestead,MULTIFAMILY 10 UNITS PLUS,141006,282,MIAMI-DADE COUNTY,FL,"Delinquent ($18,500)",CRA: Naranja,3/6,"https://www.google.com/maps/search/?api=1&query=25.504075,-80.440036"
1150 W 79 ST,Hialeah,MULTIFAMILY 10 UNITS PLUS,140708,281,AIRRAS GROUP INC,FL,"Delinquent ($18,500)",OZ: 93.07,3/6,"https://www.google.com/maps/search/?api=1&query=25.893886,-80.306639"
8130 NW 74 AVE,Miami,LIGHT MANUFACTURING,140276,280,TA PALMETTO LOGISTICS,FL,"Delinquent ($18,500)",OZ: 91,3/6,"https://www.google.com/maps/search/?api=1&query=25.847862,-80.320372"
7205 NW 19 ST,Miami,OFFICE BUILDING - ONE STORY,139028,278,SPUS7 MIAMI ACC LAND LP,FL,"Delinquent ($8,000)",OZ: 91,3/6,"https://www.google.com/maps/search/?api=1&query=25.7916,-80.315437"
7705 NW 22 AVE,Miami,MULTIFAMILY 10 UNITS PLUS,139018,278,THE CORINTHIAN APARTMENTS LTD,FL,"Delinquent ($18,500)",CRA: NW 79th Street + OZ: 10.04,3/6,"https://www.google.com/maps/search/?api=1&query=25.845463,-80.23227"
1685 COLLINS AVE,Miami Beach,HOTEL OR MOTEL,138856,277,BEACH HOTEL ASSOCIATES LLC,FL,"Delinquent ($18,500)",CRA: Miami Beach City Center,3/6,"https://www.google.com/maps/search/?api=1&query=25.792143,-80.128582"
28300 S DIXIE HWY,Homestead,MULTIFAMILY 10 UNITS PLUS,138683,277,VERBENA LLC,FL,"Delinquent ($18,500)",CRA: Naranja,3/6,"https://www.google.com/maps/search/?api=1&query=25.504355,-80.441931"
106 PONCE DE LEON BLVD,Miami,SUPERMARKET,138394,276,PUBLIX SUPER MARKETS INC,FL,"Delinquent ($8,000)",OZ: 55.02,3/6,"https://www.google.com/maps/search/?api=1&query=25.770958,-80.255015"
1110 E MOWRY DR,Miami-Dade County,MULTIFAMILY 10 UNITS PLUS,137682,275,R P G OF HOMESTEAD LTD,FL,"Delinquent ($18,500)",OZ: 111.01,3/6,"https://www.google.com/maps/search/?api=1&query=25.469459,-80.461168"
106 PONCE DE LEON BLVD,Miami,SUPERMARKET,137654,275,PUBLIX SUPER MARKETS INC,FL,"Delinquent ($18,500)",OZ: 55.02,3/6,"https://www.google.com/maps/search/?api=1&query=25.771545,-80.255104"
7000 NW 25 ST,Miami,WAREHOUSE TERMINAL OR STG,137560,275,JORKEN MIAMI LLC,FL,"Delinquent ($18,500)",OZ: 91,3/6,"https://www.google.com/maps/search/?api=1&query=25.796139,-80.311105"
2521 NW 72 AVE,Miami,WAREHOUSE TERMINAL OR STG,136918,273,ABRAMS-LLEWELLYN II LLC,FL,"Delinquent ($18,500)",OZ: 91,3/6,"https://www.google.com/maps/search/?api=1&query=25.797847,-80.312069"
10400 SW 216 ST,Homestead,MULTIFAMILY 10 UNITS PLUS,136880,273,HAINLIN MILLS PRESERVATION LP,FL,"Delinquent ($18,500)",OZ: 106.09,3/6,"https://www.google.com/maps/search/?api=1&query=25.566063,-80.359863"
777 SW 37 AVE,Miami,OFFICE BUILDING - MULTISTORY,136620,273,GENERAL FUNDING CORP,FL,"Delinquent ($18,500)",OZ: 55.02,3/6,"https://www.google.com/maps/search/?api=1&query=25.765179,-80.254907"
3401 NW 17 AVE,Miami,MULTIFAMILY 10 UNITS PLUS,135669,271,ALLAPATTAH TRACE APARTMENTS LTD,FL,"Delinquent ($8,000)",OZ: 25.01,3/6,"https://www.google.com/maps/search/?api=1&query=25.808024,-80.223575"
2137 NW 36 ST,Miami,MULTIFAMILY 10 UNITS PLUS,135284,270,SLATE MIAMI APARTMENTS,FL,"Delinquent ($8,000)",OZ: 24.04,3/6,"https://www.google.com/maps/search/?api=1&query=25.80987,-80.230742"
7499 NW 31 ST,Miami,WAREHOUSE TERMINAL OR STG,135256,270,PASSION GROWERS LLC,FL,"Delinquent ($8,000)",OZ: 91,3/6,"https://www.google.com/maps/search/?api=1&query=25.803059,-80.318733"
2431 NW 20 ST,Miami,LUMBER YARD OR MILL,134937,269,FLORIDA LUMBER CO,FL,"Delinquent ($18,500)",OZ: 24.02,3/6,"https://www.google.com/maps/search/?api=1&query=25.794934,-80.23693"
2431 NW 20 ST,Miami,LUMBER YARD OR MILL,134937,269,FLORIDA LUMBER CO,FL,"Delinquent ($18,500)",OZ: 24.02,3/6,"https://www.google.com/maps/search/?api=1&query=25.795664,-80.23724"
9910 HIBISCUS ST,Cutler Bay,MULTIFAMILY 10 UNITS PLUS,134794,269,HTG MERRICK LTD,FL,"Delinquent ($18,500)",CRA: West Perrine + OZ: 83.09,3/6,"https://www.google.com/maps/search/?api=1&query=25.604091,-80.352015"
300 SHARAZAD BLVD,Opa-Locka,MULTIFAMILY 10 UNITS PLUS,134146,268,RUDG TOWN CENTER LLC,FL,"Delinquent ($18,500)",CRA: Opa-Locka,3/6,"https://www.google.com/maps/search/?api=1&query=25.902239,-80.253589"
3150 NW 42 ST,Miami,MULTIFAMILY 10 UNITS PLUS,133893,267,REGATTA PLACE ASSOCIATES LTD,FL,"Delinquent ($18,500)",OZ: 17.02,3/6,"https://www.google.com/maps/search/?api=1&query=25.8131,-80.248089"
3300 NW 73 ST,Miami,WAREHOUSE TERMINAL OR STG,133883,267,GONZALEZ REAL ESTATE HOLDINGS LLC,FL,"Delinquent ($18,500)",CRA: NW 79th Street + OZ: 9.03,3/6,"https://www.google.com/maps/search/?api=1&query=25.839729,-80.253199"
1901 NW 79 ST,Miami,MULTIFAMILY 10 UNITS PLUS,133625,267,REGENCY POINTE APTS LTD &,FL,"Delinquent ($18,500)",CRA: NW 79th Street,3/6,"https://www.google.com/maps/search/?api=1&query=25.847717,-80.230077"
7000 NW 33 TER,Miami,WAREHOUSE TERMINAL OR STG,133196,266,PAULDAN LLC,FL,"Delinquent ($18,500)",OZ: 91,3/6,"https://www.google.com/maps/search/?api=1&query=25.804503,-80.311046"
5175 NE 2 CT,Miami,MULTIFAMILY 10 UNITS PLUS,132828,265,SPV J AND S NV LLC,FL,"Delinquent ($18,500)",OZ: 22.01,3/6,"https://www.google.com/maps/search/?api=1&query=25.823821,-80.189605"
6301 NW 74 AVE,Miami,WAREHOUSE TERMINAL OR STG,132804,265,6300 NW 72 AVE INC,FL,"Delinquent ($8,000)",OZ: 91,3/6,"https://www.google.com/maps/search/?api=1&query=25.830996,-80.316447"
17800 SW 107 AVE,Cutler Bay,MULTIFAMILY 10 UNITS PLUS,132692,265,17800 SW 107 AVE LLC,FL,"Delinquent ($18,500)",CRA: West Perrine,3/6,"https://www.google.com/maps/search/?api=1&query=25.602612,-80.36586"
3475 NW 60 ST,Miami,WAREHOUSE TERMINAL OR STG,131889,263,OMNI REALTY INC,FL,"Delinquent ($18,500)",OZ: 17.01,3/6,"https://www.google.com/maps/search/?api=1&query=25.829489,-80.251628"
850 N MIAMI BEACH BLVD,North Miami Beach,STORE,131504,263,SONTIC WARD INC,FL,"Delinquent ($18,500)",CRA: North Miami Beach,3/6,"https://www.google.com/maps/search/?api=1&query=25.927602,-80.182871"
70 E 7 ST,Miami,MULTIFAMILY 10 UNITS PLUS,131392,262,HIALEAH HOUSING AUTHORITY,FL,"Delinquent ($18,500)",OZ: 16.05,3/6,"https://www.google.com/maps/search/?api=1&query=25.827709,-80.280139"
2600 NW 72 AVE,Miami,WAREHOUSE TERMINAL OR STG,129863,259,MIAMI AIRPORT IND EQUITIES &ETALS,FL,"Delinquent ($18,500)",OZ: 91,3/6,"https://www.google.com/maps/search/?api=1&query=25.798803,-80.313882"
14311 SW 258 LN,Homestead,MULTIFAMILY 10 UNITS PLUS,128917,257,KEYS CROSSING LTD,FL,"Delinquent ($18,500)",CRA: Naranja Expansion,3/6,"https://www.google.com/maps/search/?api=1&query=25.527251,-80.423695"
14340 SW 260 ST,Homestead,MULTIFAMILY 10 UNITS PLUS,128873,257,MCR LUMBER & MATERIALS SUPPLY INC,FL,"Delinquent ($18,500)",CRA: Naranja Expansion,3/6,"https://www.google.com/maps/search/?api=1&query=25.524936,-80.423747"
4401 NW 74 AVE,Miami,WAREHOUSE TERMINAL OR STG,128868,257,MIAMI AIRPORT IND EQUITIES &ETALS,FL,"Delinquent ($9,050)",OZ: 91,3/6,"https://www.google.com/maps/search/?api=1&query=25.814809,-80.317089"
7650 NW 69 AVE,Miami,WAREHOUSE TERMINAL OR STG,128574,257,7600 MEDLEY INDUSTRIAL LLC,FL,"Delinquent ($8,000)",OZ: 91,3/6,"https://www.google.com/maps/search/?api=1&query=25.843124,-80.310778"
18901 SW 106 AVE,Homestead,STORE,127072,254,MMG CENTRE AT CUTLER BAY LLC,FL,"Delinquent ($8,000)",CRA: West Perrine,3/6,"https://www.google.com/maps/search/?api=1&query=25.590283,-80.362155"
26000 SW 144 AVENUE RD,Homestead,MULTIFAMILY 10 UNITS PLUS,126580,253,CIRCLE CREEK APARTMENTS LTD,FL,"Delinquent ($18,500)",CRA: Naranja Expansion,3/6,"https://www.google.com/maps/search/?api=1&query=25.524392,-80.425712"
14500 NE 6 AVE,North Miami,MIXED USE-STORE/RESIDENTIAL,126507,253,PANTHEON OCEAN KING,FL,"Delinquent ($18,500)",CRA: North Miami,3/6,"https://www.google.com/maps/search/?api=1&query=25.908754,-80.187809"
26710 SW 140 AVE,Homestead,MULTIFAMILY 10 UNITS PLUS,125405,250,WOODLAND GROVE APARTMENTS LLC,FL,"Delinquent ($18,500)",CRA: Naranja Expansion,3/6,"https://www.google.com/maps/search/?api=1&query=25.518492,-80.420378"
7001 NW 25 ST,Miami,WAREHOUSE TERMINAL OR STG,125168,250,GJT PARTNERS LLC,FL,"Delinquent ($8,000)",OZ: 91,3/6,"https://www.google.com/maps/search/?api=1&query=25.797973,-80.310977"
601 NE 1 AVE,Miami,OFFICE BUILDING - MULTISTORY,125007,250,SIXTH STREET MIAMI PARTNERS LLC,FL,"Delinquent ($8,000)",CRA: SE  Overtown/Park West,3/6,"https://www.google.com/maps/search/?api=1&query=25.780199,-80.191295"
14701 NW 27 AVE,Opa-Locka,MULTIFAMILY 10 UNITS PLUS,124800,249,MIAMI-DADE COUNTY,FL,"Delinquent ($18,500)",CRA: Opa-Locka,3/6,"https://www.google.com/maps/search/?api=1&query=25.908331,-80.24315"
1260 NW 72 AVE,Miami,WAREHOUSE TERMINAL OR STG,124707,249,EL DORADO ENTERPRISES /MIAMI INC,FL,"Delinquent ($13,250)",OZ: 91,3/6,"https://www.google.com/maps/search/?api=1&query=25.783197,-80.313067"
5400 NW 32 AVE,Miami,WAREHOUSE TERMINAL OR STG,123959,247,MLIP LLC,FL,"Delinquent ($18,500)",OZ: 17.01,3/6,"https://www.google.com/maps/search/?api=1&query=25.824045,-80.249582"
14221 SW 267 ST,Homestead,MULTIFAMILY 10 UNITS PLUS,123846,247,LA JOYA ESTATES LTD,FL,"Delinquent ($18,500)",CRA: Naranja Expansion,3/6,"https://www.google.com/maps/search/?api=1&query=25.519481,-80.421515"
2601 NW 207 ST,Miami Gardens,MULTIFAMILY 10 UNITS PLUS,122450,244,491 UNITS MIAMI GARDENS,FL,"Delinquent ($18,500)",CRA: Miami Gardens,3/6,"https://www.google.com/maps/search/?api=1&query=25.965213,-80.244877"
1690 NE 8 ST,Miami-Dade County,WAREHOUSE TERMINAL OR STG,121095,242,1590 HOMESTEAD,FL,"Delinquent ($18,500)",OZ: 110.01,3/6,"https://www.google.com/maps/search/?api=1&query=25.475927,-80.454415"
4225 NW 72 AVE,Miami,WAREHOUSE TERMINAL OR STG,121001,242,DALBANI CORPORATION,FL,"Delinquent ($18,500)",OZ: 91,3/6,"https://www.google.com/maps/search/?api=1&query=25.812972,-80.312121"
3690 NW 62 ST,Miami,WAREHOUSE TERMINAL OR STG,120563,241,ALFONCITO INVESTMENTS INC,FL,"Delinquent ($8,000)",OZ: 17.01,3/6,"https://www.google.com/maps/search/?api=1&query=25.830342,-80.256559"
19503 BISCAYNE BLVD,Miami Gardens,DEPARTMENT STORE,703605,1407,AVENTURA MALL VENTURE,OH,Current,OZ: 1.34,1/6,"https://www.google.com/maps/search/?api=1&query=25.95638,-80.14057"
3401 NW 72 AVE,Miami,WAREHOUSE TERMINAL OR STG,287228,574,AMB PROPERTY LP,MA,Current,OZ: 91,1/6,"https://www.google.com/maps/search/?api=1&query=25.805924,-80.31028"
1995 NE 142 ST,North Miami,AUTOMOTIVE OR MARINE,266092,532,G1R FLORIDA LLC,TX,Current,CRA: North Miami,1/6,"https://www.google.com/maps/search/?api=1&query=25.907319,-80.159665"
15699 W DIXIE HWY,Hialeah,WAREHOUSE TERMINAL OR STG,171581,343,DIXIE STORAGE SPE LLC,NV,Current,OZ: 2.06,1/6,"https://www.google.com/maps/search/?api=1&query=25.91926,-80.156931"
800 TENNESSEE RD,Miami-Dade County,MULTIFAMILY 10 UNITS PLUS,165761,331,POAH CAMPBELL ARMS LLC,MA,Current,OZ: 110.01,1/6,"https://www.google.com/maps/search/?api=1&query=25.478927,-80.461425"
1396 NE 125 ST,North Miami,WAREHOUSE TERMINAL OR STG,154423,308,1396 NE 125TH LLC,CA,Current,CRA: North Miami,1/6,"https://www.google.com/maps/search/?api=1&query=25.890301,-80.171613"
3409 NW 72 AVE,Miami,WAREHOUSE TERMINAL OR STG,151039,302,AMB PROPERTY LP,MA,Current,OZ: 91,1/6,"https://www.google.com/maps/search/?api=1&query=25.807112,-80.31061"
850 NE 2 AVE,Miami,STORE,510504,1021,MWC RETAIL LLC,FL,Current,CRA: SE  Overtown/Park West,0/6,"https://www.google.com/maps/search/?api=1&query=25.782263,-80.190856"
50 NE 32 ST,Miami,STORE,324208,648,CCB ASSOCIATES 39 LLC,FL,Current,CRA: Midtown Miami,0/6,"https://www.google.com/maps/search/?api=1&query=25.80665,-80.1941"
50 NE 32 ST,Miami,STORE,324208,648,CCB ASSOCIATES 39 LLC,FL,Current,CRA: Midtown Miami,0/6,"https://www.google.com/maps/search/?api=1&query=25.806653,-80.193916"
495 NW 71 ST,Miami,MULTIFAMILY 10 UNITS PLUS,194329,388,THE YOUNG MENS CHRISTIAN,FL,Current,OZ: 14.01,0/6,"https://www.google.com/maps/search/?api=1&query=25.840184,-80.204259"
2970 NW 75 AVE,Miami,WAREHOUSE TERMINAL OR STG,188043,376,AJA PROPERTIES # 6,FL,Current,OZ: 91,0/6,"https://www.google.com/maps/search/?api=1&query=25.801473,-80.318919"
500 17 ST,Miami Beach,ENCLOSED THEATER/AUDITORIUM,186654,373,CITY OF MIAMI BEACH,FL,Current,CRA: Miami Beach City Center,0/6,"https://www.google.com/maps/search/?api=1&query=25.791724,-80.133255"
14800 SOLE MIA WAY,North Miami,STORE,184816,369,CITY OF NORTH MIAMI FINANCE DEPT,FL,Current,CRA: North Miami + OZ: 1.09,0/6,"https://www.google.com/maps/search/?api=1&query=25.912875,-80.153665"
8272 NW S RIVER DR,Miami,WAREHOUSE TERMINAL OR STG,179733,359,MIAMI MEDLEY BUSINESS IND PK LLC,FL,Current,OZ: 91,0/6,"https://www.google.com/maps/search/?api=1&query=25.848761,-80.316873"
14536 SW 284 ST,Homestead,MULTIFAMILY 10 UNITS PLUS,156548,313,VILLA CAPRI III ASSOCIATES LTD,FL,Current,CRA: Naranja,0/6,"https://www.google.com/maps/search/?api=1&query=25.504868,-80.427076"
6600 NW 74 AVE,Miami,WAREHOUSE TERMINAL OR STG,137904,275,AMERICAN GIFT CORP,FL,Current,OZ: 91,0/6,"https://www.google.com/maps/search/?api=1&query=25.834353,-80.318286"
2370 NW 17 AVE,Miami,MULTIFAMILY 10 UNITS PLUS,136462,272,THE YOUNG MENS CHRISTIAN,FL,Current,OZ: 24.02,0/6,"https://www.google.com/maps/search/?api=1&query=25.799088,-80.223724"
5601 NW 159 ST,Hialeah,WAREHOUSE TERMINAL OR STG,124126,248,VIDA ABUNDANTE INC,FL,Current,OZ: 5.01,0/6,"https://www.google.com/maps/search/?api=1&query=25.918273,-80.291153"
18350 NW 7 AVE,Miami Gardens,COMMUNITY SHOPPING CENTER,120835,241,MIAMI GARDENS HOLDINGS LLC,FL,Current,OZ: 99.05,0/6,"https://www.google.com/maps/search/?api=1&query=25.943876,-80.214556"
