ZoneCategory,Address,BuildingSqFt,PropertyType,OwnerName,OwnerState
CRA + OZ,1000 NW 1 AVE,179072,MULTIFAMILY 10 UNITS PLUS : MULTIFAMILY 3 OR MORE UNITS,ARK DEVELOPMENT/OVERTOWN I LLC,FL
CRA + OZ,919 NW 2 AVE,271269,MULTIFAMILY 10 UNITS PLUS : MULTIFAMILY 3 OR MORE UNITS,LYRIC HOUSING LTD,MA
CRA + OZ,218 NW 8 ST,516808,MULTIFAMILY 10 UNITS PLUS : MULTIFAMILY 3 OR MORE UNITS,AVANTI RESIDENTIAL ARTE,CO
CRA + OZ,N/A,526183,PARKING LOT/MOBILE HOME PARK : PARKING LOT,SAWYER'S LANDING COMM DEV DIST,FL
CRA + OZ,161 NW 6 ST,170681,OFFICE BUILDING - MULTISTORY : COMMERCIAL - TOTAL VALUE,B9 3MC OWNER LLC,NY
CRA + OZ,161 NW 6 ST,170681,OFFICE BUILDING - MULTISTORY : COMMERCIAL - TOTAL VALUE,B9 3MC OWNER LLC,NY
CRA + OZ,161 NW 6 ST,443631,PARKING LOT/MOBILE HOME PARK : COMMERCIAL - TOTAL VALUE,B9 3MC OWNER LLC,NY
CRA + OZ,161 NW 6 ST,443631,PARKING LOT/MOBILE HOME PARK : COMMERCIAL - TOTAL VALUE,B9 3MC OWNER LLC,NY
CRA + OZ,161 NW 6 ST,443631,PARKING LOT/MOBILE HOME PARK : COMMERCIAL - TOTAL VALUE,B9 3MC OWNER LLC,NY
CRA + OZ,161 NW 6 ST,443631,PARKING LOT/MOBILE HOME PARK : COMMERCIAL - TOTAL VALUE,B9 3MC OWNER LLC,NY
CRA + OZ,161 NW 6 ST,443631,PARKING LOT/MOBILE HOME PARK : COMMERCIAL - TOTAL VALUE,B9 3MC OWNER LLC,NY
CRA + OZ,161 NW 6 ST,443631,PARKING LOT/MOBILE HOME PARK : COMMERCIAL - TOTAL VALUE,B9 3MC OWNER LLC,NY
CRA + OZ,161 NW 6 ST,152894,STORE : COMMERCIAL - TOTAL VALUE,B9 3MC RETAIL OWNER LLC,NY
CRA + OZ,161 NW 6 ST,152894,STORE : COMMERCIAL - TOTAL VALUE,B9 3MC RETAIL OWNER LLC,NY
CRA + OZ,161 NW 6 ST,152894,STORE : COMMERCIAL - TOTAL VALUE,B9 3MC RETAIL OWNER LLC,NY
CRA + OZ,600 NW 6 ST,323299,MULTIFAMILY 10 UNITS PLUS : MULTIFAMILY 3 OR MORE UNITS,TUSCAN PLACE LTD PARTNERSHIP,MA
CRA + OZ,670 NW 6 ST,171447,MULTIFAMILY 10 UNITS PLUS : MULTIFAMILY 3 OR MORE UNITS,TUSCAN PLACE II LTD PARTNERSHIP,MA
CRA + OZ,23 NE 17 TER,325757,MULTIFAMILY 10 UNITS PLUS : MULTIFAMILY 3 OR MORE UNITS,WYNWOOD HAUS LLC,FL
CRA + OZ,1642 NE 1 AVE,374672,MIXED USE-STORE/RESIDENTIAL : MIXED USE - COMMERCIAL,UNI 17TH STREET LLC,FL
CRA + OZ,1951 NW 7 AVE,291755,PROFESSIONAL SERVICE BLDG : HEALTH CARE,7TH AVE MARKET LLC,AZ
CRA + OZ,1201 NW 3 AVE,158005,MULTIFAMILY 10 UNITS PLUS : MULTIFAMILY 3 OR MORE UNITS,ISLAND LIVING APARTMENTS LTD,FL
CRA + OZ,1657 N MIAMI AVE,210658,MULTIFAMILY 10 UNITS PLUS : MULTIFAMILY 3 OR MORE UNITS,FSL DEVELOPMENT LLC,FL
CRA + OZ,47 NE 15 ST,690466,MULTIFAMILY 10 UNITS PLUS : MULTIFAMILY 3 OR MORE UNITS,MIAMI PLAZA LLC,FL
CRA + OZ,2000 BISCAYNE BLVD,695868,MULTIFAMILY 10 UNITS PLUS : MULTIFAMILY 3 OR MORE UNITS,2000 BISCAYNE FEE OWNER LLC,NY
CRA + OZ,1776 BISCAYNE BLVD,146599,SUPERMARKET : RETAIL OUTLET,S BISCAYNE LLC,FL
CRA + OZ,700 NW 1 AVE,215207,OFFICE BUILDING - MULTISTORY : OFFICE BUILDING,B9 2MC OWNER LLC,NY
CRA + OZ,2301 LAGUNA CIR,845401,MULTIFAMILY 10 UNITS PLUS : MULTIFAMILY 3 OR MORE UNITS,OPLH IV LLC,FL
CRA + OZ,2300 NE 151 ST,591581,AUTOMOTIVE OR MARINE : AUTOMOTIVE OR MARINE,CITY OF NORTH MIAMI,FL
CRA + OZ,14800 SOLE MIA WAY,184816,STORE : RETAIL OUTLET,CITY OF NORTH MIAMI FINANCE DEPT,FL
CRA + OZ,2201 SOLE MIA SQUARE LN,344457,MULTIFAMILY 10 UNITS PLUS : MULTIFAMILY 3 OR MORE UNITS,SM PARCEL A LLC,FL
CRA + OZ,2200 SOLE MIA SQUARE LN,379726,MULTIFAMILY 10 UNITS PLUS : MULTIFAMILY 3 OR MORE UNITS,SM PARCEL B LLC,FL
CRA + OZ,1600 NE 135 ST,228242,MULTIFAMILY 10 UNITS PLUS : MULTIFAMILY 3 OR MORE UNITS,FOREST PLACE LLC,FL
CRA + OZ,4 S KROME AVE,431236,PARKING LOT/MOBILE HOME PARK : PARKING LOT,CITY OF HOMESTEAD,FL
CRA + OZ,803 HOMESTEAD BLVD,216282,COMMUNITY SHOPPING CENTER : RETAIL OUTLET,KIMCO REALTY CORP,NY
CRA + OZ,120 NE 8 ST,208951,COMMUNITY SHOPPING CENTER : RETAIL OUTLET,SARRIA HOLDINGS IV INC,FL
CRA + OZ,825 NW 5 AVE,245349,MULTIFAMILY 10 UNITS PLUS : MULTIFAMILY 3 OR MORE UNITS,SOLIMAR ASSOCIATES LTD,FL
CRA + OZ,7100 NW 32 AVE,565771,WAREHOUSE TERMINAL OR STG : WAREHOUSE OR STORAGE,BURDINES REAL ESTATE II INC,OH
CRA + OZ,3300 NW 73 ST,133883,WAREHOUSE TERMINAL OR STG : WAREHOUSE OR STORAGE,GONZALEZ REAL ESTATE HOLDINGS LLC,FL
CRA + OZ,2900 NW 75 ST,212106,WAREHOUSE TERMINAL OR STG : WAREHOUSE OR STORAGE,ECS MIAMI PROPCO LLC,GA
CRA + OZ,7101 NW 32 AVE,277425,WAREHOUSE TERMINAL OR STG : WAREHOUSE OR STORAGE,RLIF EAST 6 LLC,MD
CRA + OZ,3200 NW 79 ST,193510,STORE : RETAIL OUTLET,WALMART STORES EAST LP,AR
CRA + OZ,3022 NW 73 ST,144330,WAREHOUSE TERMINAL OR STG : WAREHOUSE OR STORAGE,TERRENO 73RD STREET LLC,CA
CRA + OZ,2640 NW 79 ST,142506,MULTIFAMILY 10 UNITS PLUS : MULTIFAMILY 3 OR MORE UNITS,7755 NW 27TH AVENUE FL,IL
CRA + OZ,7705 NW 22 AVE,139018,MULTIFAMILY 10 UNITS PLUS : MULTIFAMILY 3 OR MORE UNITS,THE CORINTHIAN APARTMENTS LTD,FL
CRA + OZ,7455 NW 22 AVE,149802,MULTIFAMILY 10 UNITS PLUS : MULTIFAMILY 3 OR MORE UNITS,SCOTT CARVER IIB LTD PARTNERSHIP,MO
CRA + OZ,1905 NW 74 STREET TER,133901,MULTIFAMILY 10 UNITS PLUS : MULTIFAMILY 3 OR MORE UNITS,SCOTT CARVER IIB LTD PARTNERSHIP,MO
CRA + OZ,1250 NW 79 ST,243564,MULTIFAMILY 10 UNITS PLUS : MULTIFAMILY 3 OR MORE UNITS,1320 NW 79TH STREET FL OWNER,IL
CRA + OZ,1156 NW 79 ST,162923,MULTIFAMILY 10 UNITS PLUS : MULTIFAMILY 3 OR MORE UNITS,SUNSET POINTE ASSOCIATES LTD,FL
CRA + OZ,2401 NW 69 ST,192866,WAREHOUSE TERMINAL OR STG : WAREHOUSE OR STORAGE,RLF I C SPE LLC,FL
CRA + OZ,17650 CLEVELAND AVE,164639,WAREHOUSE TERMINAL OR STG : WAREHOUSE OR STORAGE,PALMETTO BAY STORAGE,FL
CRA + OZ,9910 HIBISCUS ST,134794,MULTIFAMILY 10 UNITS PLUS : MULTIFAMILY 3 OR MORE UNITS,HTG MERRICK LTD,FL
CRA + OZ,4310 NW 215 ST,287958,WAREHOUSE TERMINAL OR STG : WAREHOUSE OR STORAGE,MG EAST LLC,IL
CRA + OZ,4350 NW 215 ST,287958,WAREHOUSE TERMINAL OR STG : WAREHOUSE OR STORAGE,MG EAST LLC,IL
CRA + OZ,21201 NW 43 AVE,536184,WAREHOUSE TERMINAL OR STG : WAREHOUSE OR STORAGE,MG EAST LLC,IL
CRA + OZ,21451 NW 47 AVE,1593553,WAREHOUSE TERMINAL OR STG : WAREHOUSE OR STORAGE,MG WESTSIDE LLC,FL
CRA + OZ,18900 NW 27 AVE,292626,MULTIFAMILY 10 UNITS PLUS : MULTIFAMILY 3 OR MORE UNITS,18800 NW 27TH AVENUE OWNER LLC,IL
CRA + OZ,18700 NW 27 AVE,338467,MULTIFAMILY 10 UNITS PLUS : MULTIFAMILY 3 OR MORE UNITS,18740 NW 27TH AVENUE OWNER LLC,IL
CRA + OZ,18224 NW 27 AVE,434146,COMMUNITY SHOPPING CENTER : RETAIL OUTLET,GARDENS AND 27 LLC,FL
CRA Only,915 NW 1 AVE,639456,MULTIFAMILY 10 UNITS PLUS : MULTIFAMILY 3 OR MORE UNITS,PARK PLACE ASSOC LLC,FL
CRA Only,50 NE 9 ST,790173,OFFICE BUILDING - MULTISTORY : OFFICE BUILDING,VERIZON DATA CENTERS V LLC,FL
CRA Only,601 NE 1 AVE,125007,OFFICE BUILDING - MULTISTORY : OFFICE BUILDING,SIXTH STREET MIAMI PARTNERS LLC,FL
CRA Only,25 NE 5 ST,1544491,MULTIFAMILY 10 UNITS PLUS : MULTIFAMILY 3 OR MORE UNITS,5 PLAZA LLC,FL
CRA Only,2115 N MIAMI AVE,336644,MIXED USE-STORE/RESIDENTIAL : MIXED USE - COMMERCIAL,PRH N MIAMI LLC,FL
CRA Only,2150 N MIAMI AVE,303688,MIXED USE-STORE/RESIDENTIAL : MIXED USE - COMMERCIAL,PRH N MIAMI LLC,FL
CRA Only,318 NW 23 ST,155237,WAREHOUSE TERMINAL OR STG : WAREHOUSE OR STORAGE,MANNIGAN HOLDINGS LLC,NJ
CRA Only,3101 NE 1 AVE,869370,MULTIFAMILY 10 UNITS PLUS : MULTIFAMILY 3 OR MORE UNITS,MIAMI MIDTOWN VI OWNER LLC,IL
CRA Only,125 NE 32 ST,701056,MULTIFAMILY 10 UNITS PLUS : MULTIFAMILY 3 OR MORE UNITS,SE MIDTOWN 5 LLC,NY
CRA Only,3401 N MIAMI AVE,763761,REGIONAL SHOPPING CENTER : COMMERCIAL - TOTAL VALUE,CCB ASSOCIATES 39 LLC,FL
CRA Only,50 NE 32 ST,324208,PARKING LOT/MOBILE HOME PARK : PARKING LOT,MIDTOWN MIAMI COMMUNITY DEV,FL
CRA Only,50 NE 32 ST,324208,STORE : COMMERCIAL - TOTAL VALUE,CCB ASSOCIATES 39 LLC,FL
CRA Only,50 NE 32 ST,324208,STORE : COMMERCIAL - TOTAL VALUE,CCB ASSOCIATES 39 LLC,FL
CRA Only,2035 N MIAMI AVE,178429,MULTIFAMILY 10 UNITS PLUS : MULTIFAMILY 3 OR MORE UNITS,WYNWOOD WORKS LLC,FL
CRA Only,1424 NE MIAMI PL,1262330,MULTIFAMILY 10 UNITS PLUS : MULTIFAMILY 3 OR MORE UNITS,14 PLAZA CORP,FL
CRA Only,58 NE 14 ST,990766,MULTIFAMILY 10 UNITS PLUS : MULTIFAMILY 3 OR MORE UNITS,ART PLAZA LLC,FL
CRA Only,1100 BISCAYNE BLVD,401445,HOTEL OR MOTEL : HOTEL,1100 BISCAYNE PROPCO LLC,NY
CRA Only,850 NE 2 AVE,510504,STORE : RETAIL OUTLET,MWC RETAIL LLC,FL
CRA Only,850 NE 2 AVE,510504,STORE : RETAIL OUTLET,MWC RETAIL LLC,FL
CRA Only,888 NE 2 AVE,510504,PARKING LOT/MOBILE HOME PARK : PARKING LOT,"MWC GARAGE, LLC",FL
CRA Only,700 NE 2 AVE,132618,HOTEL OR MOTEL : HOTEL,OSIB MIAMI WORLDCENTER,NY
CRA Only,650 NE 2 AVE,1014031,MULTIFAMILY 10 UNITS PLUS : MULTIFAMILY 3 OR MORE UNITS,ZM MWC OWNER LLC,FL
CRA Only,651 NE 1 AVE,389835,PARKING LOT/MOBILE HOME PARK : PARKING LOT,MWC GARAGE H LLC,FL
CRA Only,651 NE 1 AVE,389835,PARKING LOT/MOBILE HOME PARK : PARKING LOT,MWC GARAGE H LLC,FL
CRA Only,698 NE 1 AVE,845870,MULTIFAMILY 10 UNITS PLUS : MULTIFAMILY 3 OR MORE UNITS,"BLOCK G PHASE 1, LLC",CA
CRA Only,710 NE 1 AVE,907687,MIXED USE-STORE/RESIDENTIAL : MIXED USE - COMMERCIAL,MWT 1 LLC,NY
CRA Only,1633 N BAYSHORE DR,643107,HOTEL OR MOTEL : HOTEL,BISCAYNE BAY LAND EAT LLC,AZ
CRA Only,1756 N BAYSHORE DR,737810,MULTIFAMILY 10 UNITS PLUS : MULTIFAMILY 3 OR MORE UNITS,BAY PARC PLAZA APT LP,TX
CRA Only,245 NE 14 ST,909126,MULTIFAMILY 10 UNITS PLUS : MULTIFAMILY 3 OR MORE UNITS,OPERA PLAZA LLC,FL
CRA Only,240 N MIAMI AVE,415140,MULTIFAMILY 10 UNITS PLUS : COMMERCIAL - TOTAL VALUE,GRAND STATION PARTNERS LLC,FL
CRA Only,240 N MIAMI AVE,415140,MULTIFAMILY 10 UNITS PLUS : COMMERCIAL - TOTAL VALUE,GRAND STATION PARTNERS LLC,FL
CRA Only,400 NW 1 AVE,655148,MIXED USE-STORE/RESIDENTIAL : MIXED USE - COMMERCIAL,DT RESIDENTIAL SOUTH LLC,VA
CRA Only,400 NW 1 AVE,655148,MIXED USE-STORE/RESIDENTIAL : MIXED USE - COMMERCIAL,DT RESIDENTIAL SOUTH LLC,VA
CRA Only,400 NW 1 AVE,655148,MIXED USE-STORE/RESIDENTIAL : MIXED USE - COMMERCIAL,DT RESIDENTIAL SOUTH LLC,VA
CRA Only,400 NW 1 AVE,655148,MIXED USE-STORE/RESIDENTIAL : MIXED USE - COMMERCIAL,DT RESIDENTIAL SOUTH LLC,VA
CRA Only,400 NW 1 AVE,655148,MIXED USE-STORE/RESIDENTIAL : MIXED USE - COMMERCIAL,DT RESIDENTIAL SOUTH LLC,VA
CRA Only,350 NW 1 AVE,241508,STORE : RETAIL OUTLET,DTS DT RETAIL LLC,FL
CRA Only,350 NW 1 AVE,241508,STORE : RETAIL OUTLET,DTS DT RETAIL LLC,FL
CRA Only,350 NW 1 AVE,241508,STORE : RETAIL OUTLET,DTS DT RETAIL LLC,FL
CRA Only,350 NW 1 AVE,241508,STORE : RETAIL OUTLET,DTS DT RETAIL LLC,FL
CRA Only,350 NW 1 AVE,241508,STORE : RETAIL OUTLET,DTS DT RETAIL LLC,FL
CRA Only,350 NW 1 AVE,241508,STORE : RETAIL OUTLET,DTS DT RETAIL LLC,FL
CRA Only,350 NW 1 AVE,241508,STORE : RETAIL OUTLET,DTS DT RETAIL LLC,FL
CRA Only,350 NW 1 AVE,241508,STORE : RETAIL OUTLET,DTS DT RETAIL LLC,FL
CRA Only,350 NW 1 AVE,241508,STORE : RETAIL OUTLET,DTS DT RETAIL LLC,FL
CRA Only,350 NW 1 AVE,241508,STORE : RETAIL OUTLET,DTS DT RETAIL LLC,FL
CRA Only,350 NW 1 AVE,241508,STORE : RETAIL OUTLET,DTS DT RETAIL LLC,FL
CRA Only,350 NW 1 AVE,241508,STORE : RETAIL OUTLET,DTS DT RETAIL LLC,FL
CRA Only,350 NW 1 AVE,241508,STORE : RETAIL OUTLET,DTS DT RETAIL LLC,FL
CRA Only,350 NW 1 AVE,241508,STORE : RETAIL OUTLET,DTS DT RETAIL LLC,FL
CRA Only,350 NW 1 AVE,241508,STORE : RETAIL OUTLET,DTS DT RETAIL LLC,FL
CRA Only,100 NW 6 ST,602884,MIXED USE-STORE/RESIDENTIAL : MIXED USE - COMMERCIAL,DT RESIDENTIAL NORTH LLC,VA
CRA Only,100 NW 6 ST,602884,MIXED USE-STORE/RESIDENTIAL : MIXED USE - COMMERCIAL,DT RESIDENTIAL NORTH LLC,VA
CRA Only,100 NW 6 ST,602884,MIXED USE-STORE/RESIDENTIAL : MIXED USE - COMMERCIAL,DT RESIDENTIAL NORTH LLC,VA
CRA Only,100 NW 6 ST,602884,MIXED USE-STORE/RESIDENTIAL : MIXED USE - COMMERCIAL,DT RESIDENTIAL NORTH LLC,VA
CRA Only,700 NW 1 AVE,215207,OFFICE BUILDING - MULTISTORY : OFFICE BUILDING,B9 2MC OWNER LLC,NY
CRA Only,700 NW 1 AVE,215207,OFFICE BUILDING - MULTISTORY : OFFICE BUILDING,B9 2MC OWNER LLC,NY
CRA Only,700 NW 1 AVE,215207,OFFICE BUILDING - MULTISTORY : OFFICE BUILDING,B9 2MC OWNER LLC,NY
CRA Only,1901 COLLINS AVE,300128,HOTEL OR MOTEL : HOTEL,SHORE CLUB TRUSTEE LLC TRS,FL
CRA Only,2377 COLLINS AVE,433336,HOTEL OR MOTEL : COMMERCIAL - TOTAL VALUE,SB HOTEL OWNER LP,CT
CRA Only,340 23 ST,193330,AUTOMOTIVE OR MARINE : AUTOMOTIVE OR MARINE,CITY OF MIAMI BEACH,FL
CRA Only,2340 COLLINS AVE,266786,OFFICE BUILDING - MULTISTORY : OFFICE BUILDING,NORTH BAY OWNER LLC,FL
CRA Only,2360 COLLINS AVE,148514,HOTEL OR MOTEL : HOTEL,DEAN MB PROPCO LLC,FL
CRA Only,500 17 ST,186654,ENCLOSED THEATER/AUDITORIUM : ENTERTAINMENT,CITY OF MIAMI BEACH,FL
CRA Only,1691 MICHIGAN AVE,363061,OFFICE BUILDING - MULTISTORY : COMMERCIAL - TOTAL VALUE,RK RIVANI LLC LEASEE,FL
CRA Only,408 LINCOLN RD,256729,OFFICE BUILDING - MULTISTORY : OFFICE BUILDING,420 LINCOLN RD ASSOCIATES LTD,FL
CRA Only,1601 DREXEL AVE,164126,MIXED USE-STORE/RESIDENTIAL : MIXED USE - COMMERCIAL,420 LINCOLN ROAD DEVELOPMENT LLC,FL
CRA Only,1698 ALTON RD,184875,MIXED USE-STORE/RESIDENTIAL : MIXED USE - COMMERCIAL,1698 ALTON ROAD VENTURES LLC,FL
CRA Only,1111 LINCOLN RD,370836,OFFICE BUILDING - MULTISTORY : MIXED USE - COMMERCIAL,1111 LINCOLN LLC,CA
CRA Only,1100 LINCOLN RD,253168,STORE : RETAIL OUTLET,BH 1100 LINCOLN ROAD LLC,CA
CRA Only,1801 COLLINS AVE,206500,HOTEL OR MOTEL : HOTEL,SHELBORNE HOTEL PARTNERS WC LP,NY
CRA Only,1825 COLLINS AVE,149189,HOTEL OR MOTEL : HOTEL,HPT IHG-2 PROPERTIES TRUST,MA
CRA Only,1685 COLLINS AVE,138856,HOTEL OR MOTEL : HOTEL,BEACH HOTEL ASSOCIATES LLC,FL
CRA Only,1601 COLLINS AVE,789479,HOTEL OR MOTEL : HOTEL,MB REDEVELOPMENT LLC,FL
CRA Only,1545 COLLINS AVE,346455,HOTEL OR MOTEL : HOTEL,RP HOTEL HOLDINGS LLC,VA
CRA Only,1550 COLLINS AVE,261800,MIXED USE-STORE/RESIDENTIAL : MIXED USE - COMMERCIAL,CITY OF MIAMI BEACH,FL
CRA Only,1 LINCOLN RD HOTEL,250000,HOTEL OR MOTEL : COMMERCIAL - TOTAL VALUE,DI LIDO BEACH HOTEL CORP,FL
CRA Only,14500 NE 6 AVE,126507,MIXED USE-STORE/RESIDENTIAL : MIXED USE - RESIDENTIAL,PANTHEON OCEAN KING,FL
CRA Only,1155 NE 137 ST,193949,MULTIFAMILY 10 UNITS PLUS : MULTIFAMILY 3 OR MORE UNITS,WEST DIXIE TOWERS INC,FL
CRA Only,1595 NE 135 ST,177771,MULTIFAMILY 10 UNITS PLUS : MULTIFAMILY 3 OR MORE UNITS,PAUL FELDMAN PA TRS,FL
CRA Only,1995 NE 142 ST,266092,AUTOMOTIVE OR MARINE : AUTOMOTIVE OR MARINE,G1R FLORIDA LLC,TX
CRA Only,14100 BISCAYNE BLVD,937907,AUTOMOTIVE OR MARINE : AUTOMOTIVE OR MARINE,COUNTYLINE AUTO CENTER INC,FL
CRA Only,14695 NE 18 AVE,606000,MULTIFAMILY 10 UNITS PLUS : MULTIFAMILY 3 OR MORE UNITS,YMP CENTER COURT LLC,FL
CRA Only,1880 NE 123 ST,129121,WAREHOUSE TERMINAL OR STG : WAREHOUSE OR STORAGE,CUBESMART LP,PA
CRA Only,12640 NE 12 AVE,521002,MULTIFAMILY 10 UNITS PLUS : MULTIFAMILY 3 OR MORE UNITS,OMEGA INVESTORS GROUP LLC,FL
CRA Only,1396 NE 125 ST,154423,WAREHOUSE TERMINAL OR STG : WAREHOUSE OR STORAGE,1396 NE 125TH LLC,CA
CRA Only,950 NE 124 ST,282475,MULTIFAMILY 10 UNITS PLUS : MULTIFAMILY 3 OR MORE UNITS,HORIZON AT NOMI LLC,NY
CRA Only,1551 NE 167 ST,264056,MULTIFAMILY 10 UNITS PLUS : MULTIFAMILY 3 OR MORE UNITS,GRAND ISLAND SQUARE LLC,FL
CRA Only,2145 NE 164 ST,555469,MULTIFAMILY 10 UNITS PLUS : MULTIFAMILY 3 OR MORE UNITS,NORTH MB OWNER LLC,FL
CRA Only,850 N MIAMI BEACH BLVD,131504,STORE : RETAIL OUTLET,SONTIC WARD INC,FL
CRA Only,300 SHARAZAD BLVD,134146,MULTIFAMILY 10 UNITS PLUS : MULTIFAMILY 3 OR MORE UNITS,RUDG TOWN CENTER LLC,FL
CRA Only,14701 NW 27 AVE,124800,MULTIFAMILY 10 UNITS PLUS : MULTIFAMILY 3 OR MORE UNITS,MIAMI-DADE COUNTY,FL
CRA Only,554 NE 1 AVE,203528,AUTOMOTIVE OR MARINE : AUTOMOTIVE OR MARINE,FLORIDA CITY H LLC,OR
CRA Only,33501 S DIXIE HWY,252526,DEPARTMENT STORE : RETAIL OUTLET,WAL MART STORES EAST LP,AR
CRA Only,33001 S DIXIE HWY,130077,STORE : RETAIL OUTLET,HOME DEPOT USA INC,GA
CRA Only,7900 NW 27 AVE,680945,COMMUNITY SHOPPING CENTER : RETAIL OUTLET,NORTHSIDE CENTRE LLC,FL
CRA Only,1901 NW 79 ST,133625,MULTIFAMILY 10 UNITS PLUS : MULTIFAMILY 3 OR MORE UNITS,REGENCY POINTE APTS LTD &,FL
CRA Only,17800 SW 107 AVE,132692,MULTIFAMILY 10 UNITS PLUS : MULTIFAMILY 3 OR MORE UNITS,17800 SW 107 AVE LLC,FL
CRA Only,18096 SW 107 AVE,160220,MULTIFAMILY 10 UNITS PLUS : MULTIFAMILY 3 OR MORE UNITS,CENTERRA ASSOC LTD,FL
CRA Only,10425 MARLIN RD,129488,WHOLESALE OUTLET : WHOLESALE OUTLET,GS CUTLER BAY LLC,MA
CRA Only,18901 SW 106 AVE,127072,STORE : RETAIL OUTLET,MMG CENTRE AT CUTLER BAY LLC,FL
CRA Only,18412 HOMESTEAD AVE,426436,MULTIFAMILY 10 UNITS PLUS : MULTIFAMILY 3 OR MORE UNITS,184 HOLDINGS LLC,FL
CRA Only,19400 SW 106 AVE,123470,STORE : RETAIL OUTLET,HOME DEPOT USA INC,GA
CRA Only,13105 SW 248 ST,189008,MULTIFAMILY 10 UNITS PLUS : MULTIFAMILY 3 OR MORE UNITS,HTG PRINCETON PARK LLC,FL
CRA Only,24101 S DIXIE HWY,180872,MULTIFAMILY 10 UNITS PLUS : MULTIFAMILY 3 OR MORE UNITS,PINE GROVE APTS LLC,FL
CRA Only,12851 SW 242 ST,313019,MULTIFAMILY 10 UNITS PLUS : MULTIFAMILY 3 OR MORE UNITS,WINDMILL FARMS ASSOCIATES LLC,FL
CRA Only,24205 SW 127 PL,165300,MULTIFAMILY 10 UNITS PLUS : MULTIFAMILY 3 OR MORE UNITS,PRINCETON LANDINGS LLC,FL
CRA Only,12801 SW 252 ST,218094,MULTIFAMILY 10 UNITS PLUS : MULTIFAMILY 3 OR MORE UNITS,12801 SW 252 OWNER LLC,IL
CRA Only,25001 SW 130 AVE,218945,MULTIFAMILY 10 UNITS PLUS : MULTIFAMILY 3 OR MORE UNITS,CPT GP PRINCETON GROVES LLC,CO
CRA Only,25370 SW 137 AVE,375167,MULTIFAMILY 10 UNITS PLUS : MULTIFAMILY 3 OR MORE UNITS,25400 SW 137TH AVENUE FL OWNER,IL
CRA Only,14340 SW 260 ST,128873,MULTIFAMILY 10 UNITS PLUS : MULTIFAMILY 3 OR MORE UNITS,MCR LUMBER & MATERIALS SUPPLY INC,FL
CRA Only,26000 SW 144 AVENUE RD,126580,MULTIFAMILY 10 UNITS PLUS : MULTIFAMILY 3 OR MORE UNITS,CIRCLE CREEK APARTMENTS LTD,FL
CRA Only,14311 SW 258 LN,128917,MULTIFAMILY 10 UNITS PLUS : MULTIFAMILY 3 OR MORE UNITS,KEYS CROSSING LTD,FL
CRA Only,13700 SW 256 ST,256176,MULTIFAMILY 10 UNITS PLUS : MULTIFAMILY 3 OR MORE UNITS,BIG SOPHIA FL LLC,FL
CRA Only,25851 S DIXIE HWY,153818,MULTIFAMILY 10 UNITS PLUS : MULTIFAMILY 3 OR MORE UNITS,CORAL BAY COVE LLC,FL
CRA Only,26210 PARKER AVE,227738,MULTIFAMILY 10 UNITS PLUS : MULTIFAMILY 3 OR MORE UNITS,27077 SFH LLC,FL
CRA Only,13735 SW 262 ST,184135,MULTIFAMILY 10 UNITS PLUS : MULTIFAMILY 3 OR MORE UNITS,THE AVENUE AT NARANJA LLC,FL
CRA Only,25850 SW 140 CT,382355,MULTIFAMILY 10 UNITS PLUS : MULTIFAMILY 3 OR MORE UNITS,MUVHOME26 LLC,FL
CRA Only,27200 S DIXIE HWY,134799,WAREHOUSE TERMINAL OR STG : WAREHOUSE OR STORAGE,EXTRA SPACE PROPERTIES EIGHTY,UT
CRA Only,27077 S FEDERAL HWY,253088,MULTIFAMILY 10 UNITS PLUS : MULTIFAMILY 3 OR MORE UNITS,RICHMAN SOUTH MIAMI DEVELOPMENT,FL
CRA Only,15000 SW 272 ST,269238,MULTIFAMILY 10 UNITS PLUS : MULTIFAMILY 3 OR MORE UNITS,AMBAR TRAIL LTD,FL
CRA Only,15100 SW 272 ST,148228,MULTIFAMILY 10 UNITS PLUS : MULTIFAMILY 3 OR MORE UNITS,AMBAR TRAIL LTD,FL
CRA Only,27550 S DIXIE HWY,168067,MULTIFAMILY 10 UNITS PLUS : MULTIFAMILY 3 OR MORE UNITS,NARANJA LAKES HOUSING PARTNERS LP,GA
CRA Only,13700 SW 268 ST,226882,MULTIFAMILY 10 UNITS PLUS : MULTIFAMILY 3 OR MORE UNITS,MALIBU GARDENS OWNER LLC,CA
CRA Only,13701 SW 270 ST,190384,MULTIFAMILY 10 UNITS PLUS : MULTIFAMILY 3 OR MORE UNITS,HIDDEN GROVE HOUSING L P,FL
CRA Only,26600 SW 146 CT,173351,MULTIFAMILY 10 UNITS PLUS : MULTIFAMILY 3 OR MORE UNITS,SUNRISE COMMONS PRESERVATION LTD,CA
CRA Only,14301 SW 268 ST,199350,MULTIFAMILY 10 UNITS PLUS : MULTIFAMILY 3 OR MORE UNITS,THE LANDINGS AT CORAL TOWN,FL
CRA Only,26760 SW 142 AVE,150909,MULTIFAMILY 10 UNITS PLUS : MULTIFAMILY 3 OR MORE UNITS,TOWER ROAD GARDENS LTD,FL
CRA Only,13720 SW 272 ST,313656,MULTIFAMILY 10 UNITS PLUS : MULTIFAMILY 3 OR MORE UNITS,PSG SOUTH POINTE,FL
CRA Only,14381 SW 268 ST,183633,MULTIFAMILY 10 UNITS PLUS : MULTIFAMILY 3 OR MORE UNITS,THE HEIGHTS AT CORAL TOWN PRK LLC,FL
CRA Only,14221 SW 267 ST,123846,MULTIFAMILY 10 UNITS PLUS : MULTIFAMILY 3 OR MORE UNITS,LA JOYA ESTATES LTD,FL
CRA Only,26655 SW 142 AVE,201678,MULTIFAMILY 10 UNITS PLUS : MULTIFAMILY 3 OR MORE UNITS,HARBOUR SPRINGS,FL
CRA Only,26710 SW 140 AVE,125405,MULTIFAMILY 10 UNITS PLUS : MULTIFAMILY 3 OR MORE UNITS,WOODLAND GROVE APARTMENTS LLC,FL
CRA Only,14408 SW 280 ST,179600,MULTIFAMILY 10 UNITS PLUS : MULTIFAMILY 3 OR MORE UNITS,VILLA CAPRI II ASSOCIATES LTD,FL
CRA Only,14536 SW 284 ST,156548,MULTIFAMILY 10 UNITS PLUS : MULTIFAMILY 3 OR MORE UNITS,VILLA CAPRI III ASSOCIATES LTD,FL
CRA Only,14570 SW 280 ST,249509,MULTIFAMILY 10 UNITS PLUS : MULTIFAMILY 3 OR MORE UNITS,VILLA CAPRI ASSOCIATES LTD,FL
CRA Only,14155 SW 288 ST,225691,MULTIFAMILY 10 UNITS PLUS : MULTIFAMILY 3 OR MORE UNITS,BISCAYNE DRIVE LLC,FL
CRA Only,15350 SW 284 ST,223951,MULTIFAMILY 10 UNITS PLUS : MULTIFAMILY 3 OR MORE UNITS,SREIT VILLA BISCAYNE LLC,GA
CRA Only,14900 SW 283 ST,321122,MULTIFAMILY 10 UNITS PLUS : MULTIFAMILY 3 OR MORE UNITS,SW 283 HOMESTEAD LLC,CO
CRA Only,15302 SW 282 ST,141006,MULTIFAMILY 10 UNITS PLUS : MULTIFAMILY 3 OR MORE UNITS,MIAMI-DADE COUNTY,FL
CRA Only,28300 S DIXIE HWY,138683,MULTIFAMILY 10 UNITS PLUS : MULTIFAMILY 3 OR MORE UNITS,VERBENA LLC,FL
CRA Only,29003 S DIXIE HWY,161053,MULTIFAMILY 10 UNITS PLUS : MULTIFAMILY 3 OR MORE UNITS,FAIR OAKS LLC,FL
CRA Only,21485 NW 27 AVE,136365,HOTEL OR MOTEL : HOTEL,AIDS HEALTHCARE FOUNDATION INC,CA
CRA Only,2601 NW 207 ST,122450,MULTIFAMILY 10 UNITS PLUS : MULTIFAMILY 3 OR MORE UNITS,491 UNITS MIAMI GARDENS,FL
CRA Only,20601 NW 17 AVE,341091,MULTIFAMILY 10 UNITS PLUS : MULTIFAMILY 3 OR MORE UNITS,FAIRFIELD CEDAR GROVE LP,CA
CRA Only,19501 NW 27 AVE,232001,STORE : RETAIL OUTLET,WAL MART STORES EAST LP,AR
CRA Only,2410 NW 185 TER,149071,MULTIFAMILY 10 UNITS PLUS : MULTIFAMILY 3 OR MORE UNITS,PELICAN COVE ASSOCIATES LTD,FL
CRA Only,19279 NW 27 AVE,420332,MULTIFAMILY 10 UNITS PLUS : MULTIFAMILY 3 OR MORE UNITS,NEW POMELO LLC,IN
OZ Only,445 NW 4 ST,264180,MULTIFAMILY 10 UNITS PLUS : MULTIFAMILY 3 OR MORE UNITS,MIAMI RIVER PARK ASSOC LTD,MA
OZ Only,150 W FLAGLER ST,545044,OFFICE BUILDING - MULTISTORY : OFFICE BUILDING,BOF FL MUSEUM TOWER LLC,UT
OZ Only,5959 NW 7 ST,163692,HOSPITAL - PRIVATE : HEALTH CARE,MPT CORAL TERRACE STEWARD LLC,AL
OZ Only,5705 NW 7 ST,204356,COMMUNITY SHOPPING CENTER : RETAIL OUTLET,GRI EQY ( AIRPARK PLAZA) LLC,MD
OZ Only,8300 NE 1 PL,196744,MULTIFAMILY 10 UNITS PLUS : MULTIFAMILY 3 OR MORE UNITS,PINNACLE SQUARE LTD,FL
OZ Only,244 NW 72 TER,135938,MULTIFAMILY 10 UNITS PLUS : MULTIFAMILY 3 OR MORE UNITS,EMERALD TERRACE LTD PARTNERSHIP,MA
OZ Only,7901 NW 7 AVE,242558,MULTIFAMILY 10 UNITS PLUS : MULTIFAMILY 3 OR MORE UNITS,PINNACLE PARK LTD,FL
OZ Only,7924 NE 2 AVE,208527,HOTEL OR MOTEL : HOTEL,MD 79TH HOLDING LLC,FL
OZ Only,150 NE 79 ST,251004,MULTIFAMILY 10 UNITS PLUS : MULTIFAMILY 3 OR MORE UNITS,LAFAYETTE SQUARE LTD,MA
OZ Only,155 NE 78 ST,203531,MULTIFAMILY 10 UNITS PLUS : MULTIFAMILY 3 OR MORE UNITS,LAFAYETTE SQUARE II LTD,MA
OZ Only,495 NW 71 ST,194329,MULTIFAMILY 10 UNITS PLUS : MULTIFAMILY 3 OR MORE UNITS,THE YOUNG MENS CHRISTIAN,FL
OZ Only,5725 NW 2 AVE,236193,MULTIFAMILY 10 UNITS PLUS : MULTIFAMILY 3 OR MORE UNITS,BRM SOUTHEAST LAND HOLDINGS LLC,FL
OZ Only,5600 NE 4 AVE,253478,MULTIFAMILY 10 UNITS PLUS : MULTIFAMILY 3 OR MORE UNITS,PINNACLE PLACE LTD,FL
OZ Only,610 NW 60 ST,275769,MULTIFAMILY 10 UNITS PLUS : MULTIFAMILY 3 OR MORE UNITS,TACOLCY EDISON GARDENS LLC,FL
OZ Only,755 NW 67 ST,217875,MULTIFAMILY 10 UNITS PLUS : MULTIFAMILY 3 OR MORE UNITS,THE VILLAGE MIAMI LLC,FL
OZ Only,5900 NW 7 AVE,234197,MULTIFAMILY 10 UNITS PLUS : MULTIFAMILY 3 OR MORE UNITS,TACOLCY TUSCANY COVE I LLLP,FL
OZ Only,2137 NW 36 ST,135284,MULTIFAMILY 10 UNITS PLUS : MULTIFAMILY 3 OR MORE UNITS,SLATE MIAMI APARTMENTS,FL
OZ Only,1400 NW 54 ST,200793,MULTIFAMILY 10 UNITS PLUS : MULTIFAMILY 3 OR MORE UNITS,C4 GATEWAY LLC,FL
OZ Only,1551 NW 36 ST,144066,MULTIFAMILY 10 UNITS PLUS : MULTIFAMILY 3 OR MORE UNITS,FRIENDSHIP TOWER LTD,FL
OZ Only,151 NE 41 ST,179418,COMMUNITY SHOPPING CENTER : RETAIL OUTLET,PARADISE PLAZA ASSOCIATES LLC,FL
OZ Only,3800 NE 1 AVE,234771,MIXED USE-STORE/RESIDENTIAL : MIXED USE - COMMERCIAL,OAK PLAZA ASSOCIATES DEL LLC,FL
OZ Only,180 NE 39 ST,264272,COMMUNITY SHOPPING CENTER : RETAIL OUTLET,OAK PLAZA ASSOCIATES (DEL) LLC,FL
OZ Only,90 NE 41 ST,296300,PARKING LOT/MOBILE HOME PARK : PARKING LOT,PARADISE PLAZA ASSOCIATES LLC,FL
OZ Only,5060 NE 2 AVE,327338,HOSPITAL - PRIVATE : HEALTH CARE,MIAMI JEWISH HOME & HOSPITAL,FL
OZ Only,5246 NE 2 AVE,409333,HOSPITAL - PRIVATE : HEALTH CARE,MIA JEWISH HOME & HOSP FOR AGED,FL
OZ Only,180 NE 29 ST,545562,MULTIFAMILY 10 UNITS PLUS : MULTIFAMILY 3 OR MORE UNITS,PPF AMLI 180 NE 29TH STREET LLC,IL
OZ Only,162 NE 25 ST,317572,MULTIFAMILY 10 UNITS PLUS : MULTIFAMILY 3 OR MORE UNITS,26 PLAZA CORP,FL
OZ Only,2060 NE 2 AVE,156376,AUTOMOTIVE OR MARINE : AUTOMOTIVE OR MARINE,2060 NE 2ND AVENUE LLC,FL
OZ Only,135 NE 20 TER,228529,AUTOMOTIVE OR MARINE : AUTOMOTIVE OR MARINE,BRAMAN LEIBOWITZ SERVICE AND,FL
OZ Only,2900 NE 2 AVE,1939983,MULTIFAMILY 10 UNITS PLUS : MULTIFAMILY 3 OR MORE UNITS,PPF AMLI NE 2ND AVENUE LLC,IL
OZ Only,2220 NE 2 AVE,790139,MIXED USE-STORE/RESIDENTIAL : MIXED USE - COMMERCIAL,CARDINAL PLAZA CORP,FL
OZ Only,2220 NE 2 AVE,790139,MIXED USE-STORE/RESIDENTIAL : MIXED USE - COMMERCIAL,CARDINAL PLAZA CORP,FL
OZ Only,3300 NW 11 CT,152745,MULTIFAMILY 10 UNITS PLUS : MULTIFAMILY 3 OR MORE UNITS,ALLAPATTAH GARDENS LTD,CA
OZ Only,3401 NW 17 AVE,135669,MULTIFAMILY 10 UNITS PLUS : MULTIFAMILY 3 OR MORE UNITS,ALLAPATTAH TRACE APARTMENTS LTD,FL
OZ Only,1470 NW 36 ST,213189,MULTIFAMILY 10 UNITS PLUS : MULTIFAMILY 3 OR MORE UNITS,TCG ALLAPATTAH 14 LLC,FL
OZ Only,1373 NW 35 ST,291988,MULTIFAMILY 10 UNITS PLUS : MULTIFAMILY 3 OR MORE UNITS,ALLAPATTAH RESIDENTIAL LP,FL
OZ Only,2545 NW 20 ST,146770,WAREHOUSE TERMINAL OR STG : WAREHOUSE OR STORAGE,ACORN MINI STORAGE OF MIAMI LLC,FL
OZ Only,2431 NW 20 ST,134937,LUMBER YARD OR MILL : HEAVY IND OR LUMBER YARD,FLORIDA LUMBER CO,FL
OZ Only,2431 NW 20 ST,134937,LUMBER YARD OR MILL : HEAVY IND OR LUMBER YARD,FLORIDA LUMBER CO,FL
OZ Only,1781 NW 23 TER,224852,MULTIFAMILY 10 UNITS PLUS : MULTIFAMILY 3 OR MORE UNITS,THE YOUNG MENS CHRISTIAN,FL
OZ Only,2370 NW 17 AVE,136462,MULTIFAMILY 10 UNITS PLUS : MULTIFAMILY 3 OR MORE UNITS,THE YOUNG MENS CHRISTIAN,FL
OZ Only,3380 NW 17 AVE,158664,MULTIFAMILY 10 UNITS PLUS : MULTIFAMILY 3 OR MORE UNITS,PEARL APARTMENTS LTD,MA
OZ Only,7205 NE 4 AVE,255124,WAREHOUSE TERMINAL OR STG : WAREHOUSE OR STORAGE,SW 71 OWNER LLC,NY
OZ Only,234 NE 79 ST,361770,MULTIFAMILY 10 UNITS PLUS : MULTIFAMILY 3 OR MORE UNITS,LUBINS DEVELOPMENT CORP,FL
OZ Only,4141 NE 2 AVE,207948,MIXED USE-STORE/RESIDENTIAL : RETAIL OUTLET,DACRA DESIGN 4141 LLC,FL
OZ Only,5175 NE 2 CT,132828,MULTIFAMILY 10 UNITS PLUS : MULTIFAMILY 3 OR MORE UNITS,SPV J AND S NV LLC,FL
OZ Only,5035 NE 2 AVE,190523,MULTIFAMILY 10 UNITS PLUS : MULTIFAMILY 3 OR MORE UNITS,SPV J AND S NV LLC,FL
OZ Only,3510 BISCAYNE BLVD,142926,OFFICE BUILDING - MULTISTORY : OFFICE BUILDING,CRC COMMUNITY SUPPORT,FL
OZ Only,3450 BISCAYNE BLVD,189673,HOTEL OR MOTEL : HOTEL,ODYSSEY PROPCO VII LLC,CA
OZ Only,2500 BISCAYNE BLVD,351060,MULTIFAMILY 10 UNITS PLUS : COMMERCIAL - TOTAL VALUE,RESPARK WYNWOOD BAY LLC,FL
OZ Only,250 NE 25 ST,414493,MULTIFAMILY 10 UNITS PLUS : MULTIFAMILY 3 OR MORE UNITS,25 PLAZA CORP,FL
OZ Only,222 NE 25 ST,180646,MULTIFAMILY 10 UNITS PLUS : MULTIFAMILY 3 OR MORE UNITS,SECOND PLAZA CORP,FL
OZ Only,225 NE 23 ST,302988,MULTIFAMILY 10 UNITS PLUS : MULTIFAMILY 3 OR MORE UNITS,WYNWOOD TOWER APTS LTD,FL
OZ Only,2334 BISCAYNE BLVD,157853,WAREHOUSE TERMINAL OR STG : WAREHOUSE OR STORAGE,BMS OMNI LLC,CA
OZ Only,2060 BISCAYNE BLVD,473168,AUTOMOTIVE OR MARINE : AUTOMOTIVE OR MARINE,2060 BISCAYNE BLVD LLC,FL
OZ Only,2900 BISCAYNE BLVD,1076188,MIXED USE-STORE/RESIDENTIAL : MIXED USE - COMMERCIAL,OZPC NO 1 2900 BISCAYNE BLVD LLC,FL
OZ Only,3000 BISCAYNE BLVD,149739,OFFICE BUILDING - MULTISTORY : OFFICE BUILDING,3050 BISCAYNE PROPERTIES LLC,FL
OZ Only,106 PONCE DE LEON BLVD,137654,SUPERMARKET : RETAIL OUTLET,PUBLIX SUPER MARKETS INC,FL
OZ Only,777 SW 37 AVE,136620,OFFICE BUILDING - MULTISTORY : OFFICE BUILDING,GENERAL FUNDING CORP,FL
OZ Only,340 W FLAGLER ST,551392,MULTIFAMILY 10 UNITS PLUS : MULTIFAMILY 3 OR MORE UNITS,RIVER PLAZA CORP,FL
OZ Only,106 PONCE DE LEON BLVD,138394,SUPERMARKET : RETAIL OUTLET,PUBLIX SUPER MARKETS INC,FL
OZ Only,1150 W 79 ST,140708,MULTIFAMILY 10 UNITS PLUS : MULTIFAMILY 3 OR MORE UNITS,AIRRAS GROUP INC,FL
OZ Only,7200 W 4 AVE,614708,MULTIFAMILY 10 UNITS PLUS : MULTIFAMILY 3 OR MORE UNITS,FLORIDA KENNELS INC,IL
OZ Only,2750 W 68 ST,178500,COMMUNITY SHOPPING CENTER : RETAIL OUTLET,SARRIA HOLDINGS INC,FL
OZ Only,3775 NW 77 ST,157002,WAREHOUSE TERMINAL OR STG : WAREHOUSE OR STORAGE,LAPARKAN TRADING LTD,FL
OZ Only,7100 NW 37 AVE,166162,PACKING PLANT : LIGHT MFG & FOOD PROCESSING,OMNI REALTY INC,FL
OZ Only,5700 NW 37 AVE,196766,WAREHOUSE TERMINAL OR STG : WAREHOUSE OR STORAGE,PERRINE MARLIN INC,FL
OZ Only,70 E 7 ST,131392,MULTIFAMILY 10 UNITS PLUS : MULTIFAMILY 3 OR MORE UNITS,HIALEAH HOUSING AUTHORITY,FL
OZ Only,4800 NW 37 AVE,159535,LIGHT MANUFACTURING : LIGHT MFG & FOOD PROCESSING,FACTORY TOWN HOLDINGS LLC,FL
OZ Only,15000 BISCAYNE BLVD,507198,EDUCATIONAL/SCIENTIFIC - EX : EDUCATIONAL - PRIVATE,DEPT OF NATURAL RESOURCES,FL
OZ Only,15699 W DIXIE HWY,171581,WAREHOUSE TERMINAL OR STG : WAREHOUSE OR STORAGE,DIXIE STORAGE SPE LLC,NV
OZ Only,15455 W DIXIE HWY,170932,WAREHOUSE TERMINAL OR STG : WAREHOUSE OR STORAGE,NO MIAMI BEACH,FL
OZ Only,15555 W DIXIE HWY,129499,WAREHOUSE TERMINAL OR STG : WAREHOUSE OR STORAGE,15555 W DIXIE LLC,CA
OZ Only,14777 BISCAYNE BLVD,157573,COMMUNITY SHOPPING CENTER : RETAIL OUTLET,BISCAYNE COMMONS (EDENS) LLC,SC
OZ Only,14585 BISCAYNE BLVD,149946,WHOLESALE OUTLET : WHOLESALE OUTLET,OLETA PARTNERS BISCAYNE,FL
OZ Only,14075 BISCAYNE BLVD,149767,DEPARTMENT STORE : RETAIL OUTLET,TARGET CORP,MN
OZ Only,14650 NW 37 AVE,393572,WAREHOUSE TERMINAL OR STG : WAREHOUSE OR STORAGE,MIAMI-DADE COUNTY,FL
OZ Only,6101 SUNSET DR,144130,MULTIFAMILY 10 UNITS PLUS : MULTIFAMILY 3 OR MORE UNITS,METRO SOUTH SENIOR APARTMENTS LP,FL
OZ Only,6600 SW 57 AVE,759863,MULTIFAMILY 10 UNITS PLUS : MULTIFAMILY 3 OR MORE UNITS,SCG ATLAS RED ROAD COMMONS LLC,CA
OZ Only,5701 SW 72 ST,516656,REGIONAL SHOPPING CENTER : RETAIL OUTLET,SUNSET OPPORTUNITIES B1 LLC,FL
OZ Only,800 TENNESSEE RD,165761,MULTIFAMILY 10 UNITS PLUS : MULTIFAMILY 3 OR MORE UNITS,POAH CAMPBELL ARMS LLC,MA
OZ Only,1977 NE 8 ST,184419,WAREHOUSE TERMINAL OR STG : WAREHOUSE OR STORAGE,STOR ALL NE 8TH STREET LLC,FL
OZ Only,1690 NE 8 ST,121095,WAREHOUSE TERMINAL OR STG : WAREHOUSE OR STORAGE,1590 HOMESTEAD,FL
OZ Only,1500 E MOWRY DR,158116,MULTIFAMILY 10 UNITS PLUS : MULTIFAMILY 3 OR MORE UNITS,COLONY LK PRESERVATION L P,FL
OZ Only,1400 E MOWRY DR,235219,MULTIFAMILY 10 UNITS PLUS : MULTIFAMILY 3 OR MORE UNITS,1400 E MOWRY DRIVE FL OWNER LLC,IL
OZ Only,1850 NE 8 ST,177485,STORE : RETAIL OUTLET,LOWES HOME CENTERS INC,NC
OZ Only,1110 E MOWRY DR,137682,MULTIFAMILY 10 UNITS PLUS : MULTIFAMILY 3 OR MORE UNITS,R P G OF HOMESTEAD LTD,FL
OZ Only,800 E MOWRY DR,374632,MULTIFAMILY 10 UNITS PLUS : MULTIFAMILY 3 OR MORE UNITS,SPT DOLPHIN HOMESTEAD COLONY LLC,GA
OZ Only,1704 NW 3 TER,125800,MULTIFAMILY 10 UNITS PLUS : MULTIFAMILY 3 OR MORE UNITS,CAMERON CREEK PRESERVATION LTD,CA
OZ Only,501 NW 5 AVE,153483,MULTIFAMILY 10 UNITS PLUS : MULTIFAMILY 3 OR MORE UNITS,RIVER OAKS PARTNERS LTD,FL
OZ Only,8272 NW S RIVER DR,179733,WAREHOUSE TERMINAL OR STG : WAREHOUSE OR STORAGE,MIAMI MEDLEY BUSINESS IND PK LLC,FL
OZ Only,8130 NW 74 AVE,140276,LIGHT MANUFACTURING : LIGHT MFG & FOOD PROCESSING,TA PALMETTO LOGISTICS,FL
OZ Only,8150 NW 76 AVE,127203,WAREHOUSE TERMINAL OR STG : WAREHOUSE OR STORAGE,SPG NW 76TH LLC,PA
OZ Only,8600 NW S RIVER DR,182379,LIGHT MANUFACTURING : LIGHT MFG & FOOD PROCESSING,WMG MEDLEY OWNER LLC,FL
OZ Only,7675 NW 80 TER,374086,WAREHOUSE TERMINAL OR STG : WAREHOUSE OR STORAGE,TA PALMETTO LOGISTICS,FL
OZ Only,6891 NW 74 ST,155061,LIGHT MANUFACTURING : LIGHT MFG & FOOD PROCESSING,FIRST INDUSTRIAL L P,IL
OZ Only,7650 NW 69 AVE,128574,WAREHOUSE TERMINAL OR STG : WAREHOUSE OR STORAGE,7600 MEDLEY INDUSTRIAL LLC,FL
OZ Only,21500 BISCAYNE BLVD,353970,OFFICE BUILDING - MULTISTORY : OFFICE BUILDING,OPTIMA INTERNATIONAL LLC,FL
OZ Only,21288 BISCAYNE BLVD,149522,WAREHOUSE TERMINAL OR STG : WAREHOUSE OR STORAGE,PUBLIC STORAGE PROPERTIES VI INC,FL
OZ Only,20900 BISCAYNE BLVD,600923,HOSPITAL - PRIVATE : HEALTH CARE,MIAMI BEACH HEALTHCARE GROUP LTD,TN
OZ Only,2711 NE 211 ST,142604,PARKING LOT/MOBILE HOME PARK : PARKING LOT,MIAMI BEACH HEALTHCARE GROUP LTD,TN
OZ Only,20950 NE 27 CT,331091,PROFESSIONAL SERVICE BLDG : OFFICE BUILDING,MIAMI BEACH HEALTHCARE GROUP LTD,TN
OZ Only,2920 NE 207 ST,177699,PARKING LOT/MOBILE HOME PARK : COMMERCIAL - TOTAL VALUE,PARKSQUARE GARAGE LLC,FL
OZ Only,2920 NE 207 ST,177699,PARKING LOT/MOBILE HOME PARK : COMMERCIAL - TOTAL VALUE,PARKSQUARE GARAGE LLC,FL
OZ Only,2920 NE 207 ST,177699,PARKING LOT/MOBILE HOME PARK : COMMERCIAL - TOTAL VALUE,PARKSQUARE GARAGE LLC,FL
OZ Only,2910 NE 207 ST,139417,HOTEL OR MOTEL : HOTEL,PDOF AVENTURA 2910 LLC,GA
OZ Only,2910 NE 207 ST,139417,HOTEL OR MOTEL : HOTEL,PDOF AVENTURA 2910 LLC,GA
OZ Only,20401 BISCAYNE BLVD,328952,REGIONAL SHOPPING CENTER : RETAIL OUTLET,PROMVENTURE LIMITED PARTNERSHIP,FL
OZ Only,21150 BISCAYNE BLVD,225234,PARKING LOT/MOBILE HOME PARK : PARKING LOT,MIAMI BEACH HEALTHCARE GROUP LTD,TN
OZ Only,20900 BISCAYNE BLVD,136428,HOSPITAL - PRIVATE : HEALTH CARE,MIAMI BEACH HEALTHCARE GROUP LTD,TN
OZ Only,20801 BISCAYNE BLVD,235123,OFFICE BUILDING - MULTISTORY : OFFICE BUILDING,AVENTURA PROPERTY OWNER LLC,FL
OZ Only,20807 BISCAYNE BLVD,290319,OFFICE BUILDING - MULTISTORY : OFFICE BUILDING,AVENTURA PROPERTY OWNER LLC,FL
OZ Only,20805 BISCAYNE BLVD,191674,HOTEL OR MOTEL : HOTEL,PDOF AVENTURA 20805 LLC,GA
OZ Only,2950 AVENTURA BLVD,158758,REGIONAL SHOPPING CENTER : RETAIL OUTLET,REGENCY CENTERS L P,TX
OZ Only,19507 BISCAYNE BLVD,387151,REGIONAL SHOPPING CENTER : COMMERCIAL - TOTAL VALUE,AVENTURA MALL VENTURE,MO
OZ Only,19505 BISCAYNE BLVD,599433,REGIONAL SHOPPING CENTER : RETAIL OUTLET,BOULEVARD STEP VENTURES LLC,FL
OZ Only,19501 BISCAYNE BLVD 1455,593596,DEPARTMENT STORE : COMMERCIAL - TOTAL VALUE,AVENTURA MALL VENTURE,OH
OZ Only,19565 BISCAYNE BLVD,841690,REGIONAL SHOPPING CENTER : COMMERCIAL - TOTAL VALUE,AVENTURA MALL VENTURE LESSOR,FL
OZ Only,19495 BISCAYNE BLVD,272392,OFFICE BUILDING - MULTISTORY : OFFICE BUILDING,OTP CAPITAL LLC,FL
OZ Only,19525 BISCAYNE BLVD,1655191,REGIONAL SHOPPING CENTER : COMMERCIAL - TOTAL VALUE,AVENTURA MALL VENTURE LESSOR,FL
OZ Only,19525 BISCAYNE BLVD,1655191,REGIONAL SHOPPING CENTER : COMMERCIAL - TOTAL VALUE,AVENTURA MALL VENTURE LESSOR,FL
OZ Only,19501 BISCAYNE BLVD,864130,DEPARTMENT STORE : COMMERCIAL - TOTAL VALUE,AVENTURA MALL VENTURE,OH
OZ Only,19503 BISCAYNE BLVD,703605,DEPARTMENT STORE : COMMERCIAL - TOTAL VALUE,AVENTURA MALL VENTURE,OH
OZ Only,19501 BISCAYNE BLVD,697157,DEPARTMENT STORE : COMMERCIAL - TOTAL VALUE,AVENTURA MALL VENTURE,FL
OZ Only,19900 W COUNTRY CLUB DR,145250,HOTEL OR MOTEL : HOTEL,N SITE FEE OWNER LLC (FEE),FL
OZ Only,19950 W COUNTRY CLUB DR,189679,OFFICE BUILDING - MULTISTORY : OFFICE BUILDING,CABI AVENTURA OFFICES LLC,FL
OZ Only,645 IVES DAIRY RD,369472,MULTIFAMILY 10 UNITS PLUS : MULTIFAMILY 3 OR MORE UNITS,FIFTEEN FLA MULTIFAMILY LLC,FL
OZ Only,12555 NW 27 AVE,302179,MULTIFAMILY 10 UNITS PLUS : MULTIFAMILY 3 OR MORE UNITS,KINGS TERRACE LLC,FL
OZ Only,2301 NW 119 ST,139369,MULTIFAMILY 10 UNITS PLUS : MULTIFAMILY 3 OR MORE UNITS,WESTVIEW GARDENS PRESERVATION LTD,CA
OZ Only,1500 NW 119 ST,258445,MULTIFAMILY 10 UNITS PLUS : MULTIFAMILY 3 OR MORE UNITS,1560 NW 119TH STREET FL OWNER,IL
OZ Only,6600 NW 74 AVE,137904,WAREHOUSE TERMINAL OR STG : WAREHOUSE OR STORAGE,AMERICAN GIFT CORP,FL
OZ Only,6100 NW 74 AVE,181986,LIGHT MANUFACTURING : LIGHT MFG & FOOD PROCESSING,BPREP PALMETTO AIRPORT LLC,NY
OZ Only,5900 NW 74 AVE,314441,WAREHOUSE TERMINAL OR STG : WAREHOUSE OR STORAGE,COSTEX CORPORATION,FL
OZ Only,5900 NW 72 AVE,197408,CANNERY OR DISTILLERY : CANNERIES - BOTTLER,THE AMERICAN BOTTLING COMPANY,TX
OZ Only,6301 NW 74 AVE,132804,WAREHOUSE TERMINAL OR STG : WAREHOUSE OR STORAGE,6300 NW 72 AVE INC,FL
OZ Only,5501 NW 72 AVE,227880,WAREHOUSE TERMINAL OR STG : WAREHOUSE OR STORAGE,SPG 72ND AVE LLC,PA
OZ Only,5601 NW 72 AVE,370320,WAREHOUSE TERMINAL OR STG : WAREHOUSE OR STORAGE,LIT INDUSTRIAL LP,TX
OZ Only,4401 NW 74 AVE,128868,WAREHOUSE TERMINAL OR STG : WAREHOUSE OR STORAGE,MIAMI AIRPORT IND EQUITIES &ETALS,FL
OZ Only,4400 NW 74 AVE,187860,LIGHT MANUFACTURING : LIGHT MFG & FOOD PROCESSING,F A M WAREHOUSE CORP,FL
OZ Only,4225 NW 72 AVE,121001,WAREHOUSE TERMINAL OR STG : WAREHOUSE OR STORAGE,DALBANI CORPORATION,FL
OZ Only,3401 NW 72 AVE,287228,WAREHOUSE TERMINAL OR STG : WAREHOUSE OR STORAGE,AMB PROPERTY LP,MA
OZ Only,3409 NW 72 AVE,151039,WAREHOUSE TERMINAL OR STG : WAREHOUSE OR STORAGE,AMB PROPERTY LP,MA
OZ Only,3405 NW 72 AVE,123797,WAREHOUSE TERMINAL OR STG : WAREHOUSE OR STORAGE,AMB PROPERTY LP,CO
OZ Only,3208 NW 72 AVE,256728,WAREHOUSE TERMINAL OR STG : WAREHOUSE OR STORAGE,ATC PROPERTY OWNER LLC,CT
OZ Only,3108 NW 72 AVE,134901,WAREHOUSE TERMINAL OR STG : WAREHOUSE OR STORAGE,ATC PROPERTY OWNER LLC,CT
OZ Only,2970 NW 75 AVE,188043,WAREHOUSE TERMINAL OR STG : WAREHOUSE OR STORAGE,AJA PROPERTIES # 6,FL
OZ Only,3555 NW 77 AVE,171223,WAREHOUSE TERMINAL OR STG : WAREHOUSE OR STORAGE,THE E T FAMILY PARTNERSHIP,FL
OZ Only,7600 NW 26 ST,157277,WAREHOUSE TERMINAL OR STG : WAREHOUSE OR STORAGE,TERRENO 26TH STREET LLC,CA
OZ Only,2521 NW 72 AVE,136918,WAREHOUSE TERMINAL OR STG : WAREHOUSE OR STORAGE,ABRAMS-LLEWELLYN II LLC,FL
OZ Only,7001 NW 25 ST,125168,WAREHOUSE TERMINAL OR STG : WAREHOUSE OR STORAGE,GJT PARTNERS LLC,FL
OZ Only,6905 NW 25 ST,183857,WAREHOUSE TERMINAL OR STG : WAREHOUSE OR STORAGE,AMB INSTITU ALLI FUND III LLC,MA
OZ Only,7499 NW 31 ST,135256,WAREHOUSE TERMINAL OR STG : WAREHOUSE OR STORAGE,PASSION GROWERS LLC,FL
OZ Only,7000 NW 33 TER,133196,WAREHOUSE TERMINAL OR STG : WAREHOUSE OR STORAGE,PAULDAN LLC,FL
OZ Only,3315 NW 70 AVE,142336,WAREHOUSE TERMINAL OR STG : WAREHOUSE OR STORAGE,SECURITY CAPITAL INDUSTRIAL TR,CO
OZ Only,3520 NW 72 AVE,213456,WAREHOUSE TERMINAL OR STG : WAREHOUSE OR STORAGE,WHITEFIELD & BLOOM CO,FL
OZ Only,2900 NW 72 AVE,314776,WAREHOUSE TERMINAL OR STG : WAREHOUSE OR STORAGE,MIAMI AIRPORT IND EQUITIES &ETALS,FL
OZ Only,2800 NW 72 AVE,147149,WAREHOUSE TERMINAL OR STG : WAREHOUSE OR STORAGE,MIAMI AIRPORT IND EQUITIES &ETALS,FL
OZ Only,2600 NW 72 AVE,129863,WAREHOUSE TERMINAL OR STG : WAREHOUSE OR STORAGE,MIAMI AIRPORT IND EQUITIES &ETALS,FL
OZ Only,2801 NW 74 AVE,163375,WAREHOUSE TERMINAL OR STG : WAREHOUSE OR STORAGE,NEW WORLD TRADE CTR II,FL
OZ Only,7200 NW 25 ST,178521,LIGHT MANUFACTURING : LIGHT MFG & FOOD PROCESSING,MP WEBSTER PARK LLC,MA
OZ Only,1260 NW 72 AVE,124707,WAREHOUSE TERMINAL OR STG : WAREHOUSE OR STORAGE,EL DORADO ENTERPRISES /MIAMI INC,FL
OZ Only,7000 NW 25 ST,137560,WAREHOUSE TERMINAL OR STG : WAREHOUSE OR STORAGE,JORKEN MIAMI LLC,FL
OZ Only,1630 NW 70 AVE,155914,WAREHOUSE TERMINAL OR STG : WAREHOUSE OR STORAGE,DCT BOGGY CREEK FL LP,CO
OZ Only,2003 NW 70 AVE,243384,WAREHOUSE TERMINAL OR STG : WAREHOUSE OR STORAGE,DCT BOGGY CREEK FL LP,CO
OZ Only,7340 NW 25 ST,131194,WAREHOUSE TERMINAL OR STG : WAREHOUSE OR STORAGE,UNITED PARCEL SERVICE INC,GA
OZ Only,7205 NW 19 ST,139028,OFFICE BUILDING - ONE STORY : OFFICE BUILDING,SPUS7 MIAMI ACC LAND LP,FL
OZ Only,7300 NW 19 ST,353374,OFFICE BUILDING - MULTISTORY : OFFICE BUILDING,SPUS7 MIAMI ACC LAND LP,FL
OZ Only,7600 NW 19 ST,252907,OFFICE BUILDING - MULTISTORY : OFFICE BUILDING,SPUS7 MIAMI ACC LAND LP,FL
OZ Only,7665 NW 19 ST,499254,INSURANCE COMPANY : OFFICE BUILDING,SPUS7 MIAMI ACC LAND LP,FL
OZ Only,711 NW 72 AVE,570000,HOTEL OR MOTEL : COMMERCIAL - TOTAL VALUE,AFP 103 CORP,NY
OZ Only,6910 NW 12 ST,221399,WAREHOUSE TERMINAL OR STG : WAREHOUSE OR STORAGE,AJA PROPERTIES NO 8 LTD,FL
OZ Only,1150 NW 72 AVE,145061,OFFICE BUILDING - MULTISTORY : OFFICE BUILDING,ZEREP TOWERS LLC,FL
OZ Only,9200 NW 11 AVE,504970,HOSPITAL - PRIVATE : HEALTH CARE,MPT OF MIAMI EXCHANGE LLC,AL
OZ Only,975 NW 95 ST,161909,EDUCATIONAL/SCIENTIFIC - EX : EDUCATIONAL - PRIVATE,ADES FAMILY FOUNDATION INC,FL
OZ Only,1177 NW 81 ST,152809,PACKING PLANT : LIGHT MFG & FOOD PROCESSING,JACOB FLEISHMAN & SONS INC,FL
OZ Only,7000 NW 32 AVE,484824,WAREHOUSE TERMINAL OR STG : WAREHOUSE OR STORAGE,CENTERPOINT PROPERTIES TRUST,IL
OZ Only,6960 NW 36 AVE,144675,WAREHOUSE TERMINAL OR STG : WAREHOUSE OR STORAGE,MIAMI BUSINESS PARK LLC,CA
OZ Only,7007 NW 37 AVE,130794,WAREHOUSE TERMINAL OR STG : WAREHOUSE OR STORAGE,MIAMI BUSINESS PARK LLC,CA
OZ Only,6699 NW 36 AVE,211928,WAREHOUSE TERMINAL OR STG : WAREHOUSE OR STORAGE,LRF3 MIA 36TH AVENUE LLC,MA
OZ Only,3325 NW 62 ST,216109,FOOD PROCESSING : LIGHT MFG & FOOD PROCESSING,TRUJILLO BROTHERS OF MIAMI DADE,FL
OZ Only,3455 NW 54 ST,147767,WAREHOUSE TERMINAL OR STG : WAREHOUSE OR STORAGE,WSLP SEABOARD OWNER IX L P,FL
OZ Only,5400 NW 32 AVE,123959,WAREHOUSE TERMINAL OR STG : WAREHOUSE OR STORAGE,MLIP LLC,FL
OZ Only,3690 NW 62 ST,120563,WAREHOUSE TERMINAL OR STG : WAREHOUSE OR STORAGE,ALFONCITO INVESTMENTS INC,FL
OZ Only,3475 NW 60 ST,131889,WAREHOUSE TERMINAL OR STG : WAREHOUSE OR STORAGE,OMNI REALTY INC,FL
OZ Only,3250 NW 65 ST,155070,WAREHOUSE TERMINAL OR STG : WAREHOUSE OR STORAGE,TRUJILLO BROTHERS OF,FL
OZ Only,3150 NW 42 ST,133893,MULTIFAMILY 10 UNITS PLUS : MULTIFAMILY 3 OR MORE UNITS,REGATTA PLACE ASSOCIATES LTD,FL
OZ Only,2350 NW 54 ST,145627,MULTIFAMILY 10 UNITS PLUS : MULTIFAMILY 3 OR MORE UNITS,EHDOC PEPPER TOWERS LIMITED,FL
OZ Only,9761 SW 152 ST,187775,MULTIFAMILY 10 UNITS PLUS : MULTIFAMILY 3 OR MORE UNITS,VILLAGE AT CORAL REEF LLC,MA
OZ Only,10471 SW 216 ST,144629,MULTIFAMILY 10 UNITS PLUS : MULTIFAMILY 3 OR MORE UNITS,CUTLER VISTA HOUSING L P,FL
OZ Only,10362 SW 212 ST,200048,MULTIFAMILY 10 UNITS PLUS : MULTIFAMILY 3 OR MORE UNITS,CUTLER HAMMOCK PRESERVATION LP,FL
OZ Only,21600 SW 104 CT,170958,MULTIFAMILY 10 UNITS PLUS : MULTIFAMILY 3 OR MORE UNITS,CUTLER RIVERSIDE PRESERVATION LP,FL
OZ Only,10400 SW 216 ST,136880,MULTIFAMILY 10 UNITS PLUS : MULTIFAMILY 3 OR MORE UNITS,HAINLIN MILLS PRESERVATION LP,FL
OZ Only,30215 S DIXIE HWY,121494,WAREHOUSE TERMINAL OR STG : WAREHOUSE OR STORAGE,U HAUL CO OF FLORIDA,AZ
OZ Only,16051 S DIXIE HWY,251016,COMMUNITY SHOPPING CENTER : RETAIL OUTLET,EYP SOUTH DADE LLC,FL
OZ Only,16165 S DIXIE HWY,376983,AUTOMOTIVE OR MARINE : AUTOMOTIVE OR MARINE,SOUTH MOTOR COMPANY OF DADE CO,FL
OZ Only,18275 SW 98 AVENUE RD,161012,MULTIFAMILY 10 UNITS PLUS : MULTIFAMILY 3 OR MORE UNITS,PALMETTO BAY TH LLC,FL
OZ Only,18301 S DIXIE HWY,318925,MULTIFAMILY 10 UNITS PLUS : MULTIFAMILY 3 OR MORE UNITS,WESTDALE BAY VILLAGE LLC,TX
OZ Only,17945 SW 97 AVE,504698,MULTIFAMILY 10 UNITS PLUS : MULTIFAMILY 3 OR MORE UNITS,FCI PALMETTO BAY LLC,FL
OZ Only,9500 SW 174 ST,428116,MULTIFAMILY 10 UNITS PLUS : MULTIFAMILY 3 OR MORE UNITS,PALMETTO VENTURE PARTNERS LLC,FL
OZ Only,21343 NW 2 AVE,174670,REGIONAL SHOPPING CENTER : RETAIL OUTLET,COUNTY LINE CENTER LLC,FL
OZ Only,18350 NW 7 AVE,120835,COMMUNITY SHOPPING CENTER : RETAIL OUTLET,MIAMI GARDENS HOLDINGS LLC,FL
OZ Only,18665 NW 37 AVE,194562,MULTIFAMILY 10 UNITS PLUS : MULTIFAMILY 3 OR MORE UNITS,MIAMI GARDENS APARTMENTS LLC,NY
OZ Only,16700 NW 32 AVE,144040,HEAVY INDUSTRIAL : HEAVY IND OR LUMBER YARD,B F GOODRICH CO,CT
OZ Only,16401 NW 37 AVE,649901,EDUCATIONAL/SCIENTIFIC - EX : EDUCATIONAL - PRIVATE,ST THOMAS UNIVERSITY INC,FL
OZ Only,4200 NW 167 ST,513327,WAREHOUSE TERMINAL OR STG : WAREHOUSE OR STORAGE,CAPO & SONS CORP,FL
OZ Only,4320 NW 167 ST,164445,STORE : RETAIL OUTLET,EYP MIAMI LLC,FL
OZ Only,4255 NW 156 ST,389450,EDUCATIONAL/SCIENTIFIC - EX : EDUCATIONAL - PRIVATE,FLORIDA MEMORIAL UNIVERSITY INC,FL
OZ Only,5405 NW 159 ST,409355,MULTIFAMILY 10 UNITS PLUS : MULTIFAMILY 3 OR MORE UNITS,5200 NW 158TH TERRACE FL,IL
OZ Only,5255 NW 159 ST,190397,WAREHOUSE TERMINAL OR STG : WAREHOUSE OR STORAGE,AG RC III PALMETTO LAKES,FL
OZ Only,16175 NW 49 AVE,137565,WAREHOUSE TERMINAL OR STG : WAREHOUSE OR STORAGE,NW 49TH AVENUE LLC,IL
OZ Only,5601 NW 159 ST,124126,WAREHOUSE TERMINAL OR STG : WAREHOUSE OR STORAGE,VIDA ABUNDANTE INC,FL
OZ Only,16241 NW 48 AVE,164254,LIGHT MANUFACTURING : LIGHT MFG & FOOD PROCESSING,E J FLORIDA PROPERTY LLC,GA
OZ Only,4775 NW 157 ST,176052,WAREHOUSE TERMINAL OR STG : WAREHOUSE OR STORAGE,PALMETTO LAKES INVESTORS LLC,FL
OZ Only,15801 NW 49 AVE,142415,WAREHOUSE TERMINAL OR STG : WAREHOUSE OR STORAGE,PALMETTO LAKES INDUSTRIAL,NJ
OZ Only,5660 NW 167 ST,154595,STORE : RETAIL OUTLET,DORSAN DEV LTD,FL
OZ Only,18403 S DIXIE HWY,250133,COMMUNITY SHOPPING CENTER : RETAIL OUTLET,SOUTH DADE SHOPPING LLC,IA
OZ Only,20507 S DIXIE HWY,146658,COMMUNITY SHOPPING CENTER : RETAIL OUTLET,BH RETAIL SOUTH DIXIE LLC,FL
OZ Only,20505 S DIXIE HWY,688723,COMMUNITY SHOPPING CENTER : RETAIL OUTLET,BH SOUTH DIXIE SL MALL LLC,FL
OZ Only,10701 SW 211 ST,164009,AUTOMOTIVE OR MARINE : AUTOMOTIVE OR MARINE,BIJ MOTORS CUTLER BAY LLC,FL
